projectId,requestId,name,id,url
1,REQ-8ca57638-d54b-423c-81b9-70dc74770cc9,PLANSET-001.pdf,PLANSET-ID-001,https://blob.core.windows.net/client-docs/planset-001.pdf?sv=2023-01-03&sig=dummy1
2,REQ-2a5411cf-2793-4ef4-9d47-ea7da7d10d67,PLANSET-002.pdf,PLANSET-ID-002,https://blob.core.windows.net/client-docs/planset-002.pdf?sv=2023-01-03&sig=dummy2
3,REQ-a59bc907-844a-44ce-8675-2f9785f43c38,PLANSET-003.pdf,PLANSET-ID-003,https://blob.core.windows.net/client-docs/planset-003.pdf?sv=2023-01-03&sig=dummy3
4,REQ-959ed688-2b6a-43ee-ac09-bcb19b4c92a2,PLANSET-004.pdf,PLANSET-ID-004,https://blob.core.windows.net/client-docs/planset-004.pdf?sv=2023-01-03&sig=dummy4
5,REQ-395b2892-8d47-45da-93d1-6d861856ac9f,PLANSET-005.pdf,PLANSET-ID-005,https://blob.core.windows.net/client-docs/planset-005.pdf?sv=2023-01-03&sig=dummy5
6,REQ-539f332a-a4be-4c0b-8406-72297fbe1f03,PLANSET-006.pdf,PLANSET-ID-006,https://blob.core.windows.net/client-docs/planset-006.pdf?sv=2023-01-03&sig=dummy6
7,REQ-4e1574ba-f04c-40ad-ad54-6811c77647f4,PLANSET-007.pdf,PLANSET-ID-007,https://blob.core.windows.net/client-docs/planset-007.pdf?sv=2023-01-03&sig=dummy7
8,REQ-77d99a6d-1a51-444c-a043-971ddee82adb,PLANSET-008.pdf,PLANSET-ID-008,https://blob.core.windows.net/client-docs/planset-008.pdf?sv=2023-01-03&sig=dummy8
9,REQ-d7f519ec-9007-43cb-a123-680dcd4b9885,PLANSET-009.pdf,PLANSET-ID-009,https://blob.core.windows.net/client-docs/planset-009.pdf?sv=2023-01-03&sig=dummy9
10,REQ-65b4719d-4f8c-455b-bce8-443a1c4cf4b5,PLANSET-010.pdf,PLANSET-ID-010,https://blob.core.windows.net/client-docs/planset-010.pdf?sv=2023-01-03&sig=dummy10
11,REQ-63a0afa3-3a64-4a14-af0f-7fd04ee5ba51,PLANSET-011.pdf,PLANSET-ID-011,https://blob.core.windows.net/client-docs/planset-011.pdf?sv=2023-01-03&sig=dummy11
12,REQ-c77596cd-40ae-4f90-a552-2c1ccee49e07,PLANSET-012.pdf,PLANSET-ID-012,https://blob.core.windows.net/client-docs/planset-012.pdf?sv=2023-01-03&sig=dummy12
13,REQ-1f6ac1bd-42fb-4df8-832b-fe734325b459,PLANSET-013.pdf,PLANSET-ID-013,https://blob.core.windows.net/client-docs/planset-013.pdf?sv=2023-01-03&sig=dummy13
14,REQ-bd43725e-a751-4998-a2b5-f989ebfdbd1b,PLANSET-014.pdf,PLANSET-ID-014,https://blob.core.windows.net/client-docs/planset-014.pdf?sv=2023-01-03&sig=dummy14
15,REQ-7c80b19f-31af-46cf-b115-080952c5118a,PLANSET-015.pdf,PLANSET-ID-015,https://blob.core.windows.net/client-docs/planset-015.pdf?sv=2023-01-03&sig=dummy15
16,REQ-f52d889f-493b-4192-9646-c3c43d7568de,PLANSET-016.pdf,PLANSET-ID-016,https://blob.core.windows.net/client-docs/planset-016.pdf?sv=2023-01-03&sig=dummy16
17,REQ-46a58332-a9f7-4eee-8fc7-8093d8624399,PLANSET-017.pdf,PLANSET-ID-017,https://blob.core.windows.net/client-docs/planset-017.pdf?sv=2023-01-03&sig=dummy17
18,REQ-88ca793a-0031-47ae-a02f-cd5a270b016a,PLANSET-018.pdf,PLANSET-ID-018,https://blob.core.windows.net/client-docs/planset-018.pdf?sv=2023-01-03&sig=dummy18
19,REQ-40f72b66-3dcb-4719-82c6-7a265cb0d710,PLANSET-019.pdf,PLANSET-ID-019,https://blob.core.windows.net/client-docs/planset-019.pdf?sv=2023-01-03&sig=dummy19
20,REQ-220b136e-c27c-44f3-87f9-483532ec474d,PLANSET-020.pdf,PLANSET-ID-020,https://blob.core.windows.net/client-docs/planset-020.pdf?sv=2023-01-03&sig=dummy20
21,REQ-4cbc6a92-7bf3-4580-8456-230fd58bdfc7,PLANSET-021.pdf,PLANSET-ID-021,https://blob.core.windows.net/client-docs/planset-021.pdf?sv=2023-01-03&sig=dummy21
22,REQ-e17a17af-040a-4c2f-af3e-2e18e7624090,PLANSET-022.pdf,PLANSET-ID-022,https://blob.core.windows.net/client-docs/planset-022.pdf?sv=2023-01-03&sig=dummy22
23,REQ-aa41cec3-dd31-40b1-acc8-5708059ceaa1,PLANSET-023.pdf,PLANSET-ID-023,https://blob.core.windows.net/client-docs/planset-023.pdf?sv=2023-01-03&sig=dummy23
24,REQ-a336b2e0-ecc7-4495-9044-0a04884936e6,PLANSET-024.pdf,PLANSET-ID-024,https://blob.core.windows.net/client-docs/planset-024.pdf?sv=2023-01-03&sig=dummy24
25,REQ-5d704e4c-f9f7-4052-a5eb-7e347c83f863,PLANSET-025.pdf,PLANSET-ID-025,https://blob.core.windows.net/client-docs/planset-025.pdf?sv=2023-01-03&sig=dummy25
26,REQ-66a4b5b0-79e5-4608-b6a4-54f1c26fa329,PLANSET-026.pdf,PLANSET-ID-026,https://blob.core.windows.net/client-docs/planset-026.pdf?sv=2023-01-03&sig=dummy26
27,REQ-792f21cd-28d8-44cf-930a-6d0405514c7e,PLANSET-027.pdf,PLANSET-ID-027,https://blob.core.windows.net/client-docs/planset-027.pdf?sv=2023-01-03&sig=dummy27
28,REQ-943aba12-0569-4470-9649-ba387d2b5374,PLANSET-028.pdf,PLANSET-ID-028,https://blob.core.windows.net/client-docs/planset-028.pdf?sv=2023-01-03&sig=dummy28
29,REQ-356a5739-4355-4b07-8f43-a3acf230734d,PLANSET-029.pdf,PLANSET-ID-029,https://blob.core.windows.net/client-docs/planset-029.pdf?sv=2023-01-03&sig=dummy29
30,REQ-1301bb08-38c1-4629-9607-d5ce5b9ef490,PLANSET-030.pdf,PLANSET-ID-030,https://blob.core.windows.net/client-docs/planset-030.pdf?sv=2023-01-03&sig=dummy30
31,REQ-62f5734c-1a59-4bd2-9115-900e4d771c50,PLANSET-031.pdf,PLANSET-ID-031,https://blob.core.windows.net/client-docs/planset-031.pdf?sv=2023-01-03&sig=dummy31
32,REQ-ec310150-a5af-493d-80f3-da6d20782c82,PLANSET-032.pdf,PLANSET-ID-032,https://blob.core.windows.net/client-docs/planset-032.pdf?sv=2023-01-03&sig=dummy32
33,REQ-8954d796-2de6-45f7-94bc-bd82d43e8b54,PLANSET-033.pdf,PLANSET-ID-033,https://blob.core.windows.net/client-docs/planset-033.pdf?sv=2023-01-03&sig=dummy33
34,REQ-9a3cd261-f362-4bc2-a403-4b5feb1ac265,PLANSET-034.pdf,PLANSET-ID-034,https://blob.core.windows.net/client-docs/planset-034.pdf?sv=2023-01-03&sig=dummy34
35,REQ-404bca47-ae73-4dff-a030-46ef38c53b28,PLANSET-035.pdf,PLANSET-ID-035,https://blob.core.windows.net/client-docs/planset-035.pdf?sv=2023-01-03&sig=dummy35
36,REQ-c7e587f2-0c96-4c91-b121-66af9767cca8,PLANSET-036.pdf,PLANSET-ID-036,https://blob.core.windows.net/client-docs/planset-036.pdf?sv=2023-01-03&sig=dummy36
37,REQ-f7aa5d4b-538d-49c2-adb2-7560a6a73ae8,PLANSET-037.pdf,PLANSET-ID-037,https://blob.core.windows.net/client-docs/planset-037.pdf?sv=2023-01-03&sig=dummy37
38,REQ-f6db0a42-7423-4239-96b4-9a9578397340,PLANSET-038.pdf,PLANSET-ID-038,https://blob.core.windows.net/client-docs/planset-038.pdf?sv=2023-01-03&sig=dummy38
39,REQ-4abab3b6-6d18-4fbd-8e6a-1f0e1d541ecd,PLANSET-039.pdf,PLANSET-ID-039,https://blob.core.windows.net/client-docs/planset-039.pdf?sv=2023-01-03&sig=dummy39
40,REQ-ad0d4268-0e3d-4a26-b01b-46f310bee5ae,PLANSET-040.pdf,PLANSET-ID-040,https://blob.core.windows.net/client-docs/planset-040.pdf?sv=2023-01-03&sig=dummy40
41,REQ-27b4f1ed-95fc-4e30-a396-7ad0fe196102,PLANSET-041.pdf,PLANSET-ID-041,https://blob.core.windows.net/client-docs/planset-041.pdf?sv=2023-01-03&sig=dummy41
42,REQ-df83d5e4-0e42-456d-9673-580c53ddc54a,PLANSET-042.pdf,PLANSET-ID-042,https://blob.core.windows.net/client-docs/planset-042.pdf?sv=2023-01-03&sig=dummy42
43,REQ-1e15aa2a-1a81-4529-9a98-f7a92742a4e8,PLANSET-043.pdf,PLANSET-ID-043,https://blob.core.windows.net/client-docs/planset-043.pdf?sv=2023-01-03&sig=dummy43
44,REQ-dd54eb24-5255-42cf-b750-2b5186e51979,PLANSET-044.pdf,PLANSET-ID-044,https://blob.core.windows.net/client-docs/planset-044.pdf?sv=2023-01-03&sig=dummy44
45,REQ-f76b763d-738e-4824-b595-9d5835f686b7,PLANSET-045.pdf,PLANSET-ID-045,https://blob.core.windows.net/client-docs/planset-045.pdf?sv=2023-01-03&sig=dummy45
46,REQ-255fa16c-a0b8-4065-b4e1-12ef437ec26c,PLANSET-046.pdf,PLANSET-ID-046,https://blob.core.windows.net/client-docs/planset-046.pdf?sv=2023-01-03&sig=dummy46
47,REQ-28b6c6c5-224b-4fe0-842e-2800098414ed,PLANSET-047.pdf,PLANSET-ID-047,https://blob.core.windows.net/client-docs/planset-047.pdf?sv=2023-01-03&sig=dummy47
48,REQ-9f5463fb-6a37-4c86-90bb-10f4139a82aa,PLANSET-048.pdf,PLANSET-ID-048,https://blob.core.windows.net/client-docs/planset-048.pdf?sv=2023-01-03&sig=dummy48
49,REQ-0ac39948-049d-404a-8113-9bd2efd89f6d,PLANSET-049.pdf,PLANSET-ID-049,https://blob.core.windows.net/client-docs/planset-049.pdf?sv=2023-01-03&sig=dummy49
50,REQ-7708289c-7986-449d-bbd3-46405d5632d7,PLANSET-050.pdf,PLANSET-ID-050,https://blob.core.windows.net/client-docs/planset-050.pdf?sv=2023-01-03&sig=dummy50
51,REQ-050200d6-f68c-491f-a140-9c10b3bf9bc2,PLANSET-051.pdf,PLANSET-ID-051,https://blob.core.windows.net/client-docs/planset-051.pdf?sv=2023-01-03&sig=dummy51
52,REQ-4c543bee-962a-4e7b-aa41-06c62994ae55,PLANSET-052.pdf,PLANSET-ID-052,https://blob.core.windows.net/client-docs/planset-052.pdf?sv=2023-01-03&sig=dummy52
53,REQ-af073dba-59b9-479b-835d-a84650a9e450,PLANSET-053.pdf,PLANSET-ID-053,https://blob.core.windows.net/client-docs/planset-053.pdf?sv=2023-01-03&sig=dummy53
54,REQ-893ee71d-c1a4-4610-880a-3f0bf324d970,PLANSET-054.pdf,PLANSET-ID-054,https://blob.core.windows.net/client-docs/planset-054.pdf?sv=2023-01-03&sig=dummy54
55,REQ-9b0b6d95-c151-494b-a73c-147e2eda27b9,PLANSET-055.pdf,PLANSET-ID-055,https://blob.core.windows.net/client-docs/planset-055.pdf?sv=2023-01-03&sig=dummy55
56,REQ-1ffec721-1d94-4253-85ff-58f825ec2da9,PLANSET-056.pdf,PLANSET-ID-056,https://blob.core.windows.net/client-docs/planset-056.pdf?sv=2023-01-03&sig=dummy56
57,REQ-fe105119-a2ca-403f-b8b3-a1b8e35efbc8,PLANSET-057.pdf,PLANSET-ID-057,https://blob.core.windows.net/client-docs/planset-057.pdf?sv=2023-01-03&sig=dummy57
58,REQ-5033c844-31a1-426d-9e09-7acfe93d32a6,PLANSET-058.pdf,PLANSET-ID-058,https://blob.core.windows.net/client-docs/planset-058.pdf?sv=2023-01-03&sig=dummy58
59,REQ-10d2d425-ae77-4245-bde3-42a5c9cd8a1f,PLANSET-059.pdf,PLANSET-ID-059,https://blob.core.windows.net/client-docs/planset-059.pdf?sv=2023-01-03&sig=dummy59
60,REQ-46cff5ca-6eda-4dc7-983d-0e7a36ec6c74,PLANSET-060.pdf,PLANSET-ID-060,https://blob.core.windows.net/client-docs/planset-060.pdf?sv=2023-01-03&sig=dummy60
61,REQ-c780b6be-27b3-42b7-8ea8-abeb7b8e5cb0,PLANSET-061.pdf,PLANSET-ID-061,https://blob.core.windows.net/client-docs/planset-061.pdf?sv=2023-01-03&sig=dummy61
62,REQ-cd767724-eb02-4ec7-b5f7-17ed0a92f7d4,PLANSET-062.pdf,PLANSET-ID-062,https://blob.core.windows.net/client-docs/planset-062.pdf?sv=2023-01-03&sig=dummy62
63,REQ-e96890f7-c75e-430e-897a-23dc8793af3f,PLANSET-063.pdf,PLANSET-ID-063,https://blob.core.windows.net/client-docs/planset-063.pdf?sv=2023-01-03&sig=dummy63
64,REQ-4c177e17-0df5-442f-8ce3-a524ddb23494,PLANSET-064.pdf,PLANSET-ID-064,https://blob.core.windows.net/client-docs/planset-064.pdf?sv=2023-01-03&sig=dummy64
65,REQ-c588d5c6-be89-4870-be5a-28d9a215fd35,PLANSET-065.pdf,PLANSET-ID-065,https://blob.core.windows.net/client-docs/planset-065.pdf?sv=2023-01-03&sig=dummy65
66,REQ-604a02bd-4b76-4a83-9a95-497b3451e213,PLANSET-066.pdf,PLANSET-ID-066,https://blob.core.windows.net/client-docs/planset-066.pdf?sv=2023-01-03&sig=dummy66
67,REQ-441ffa7e-6fa2-49de-9e72-1ae099d5142a,PLANSET-067.pdf,PLANSET-ID-067,https://blob.core.windows.net/client-docs/planset-067.pdf?sv=2023-01-03&sig=dummy67
68,REQ-35356d92-72e4-4009-be4b-8df2dd3ac4a8,PLANSET-068.pdf,PLANSET-ID-068,https://blob.core.windows.net/client-docs/planset-068.pdf?sv=2023-01-03&sig=dummy68
69,REQ-03da1ee7-9b2a-461d-ba96-2860c8c3c256,PLANSET-069.pdf,PLANSET-ID-069,https://blob.core.windows.net/client-docs/planset-069.pdf?sv=2023-01-03&sig=dummy69
70,REQ-afe9f07b-7a08-4fe3-beed-40bcc6229e02,PLANSET-070.pdf,PLANSET-ID-070,https://blob.core.windows.net/client-docs/planset-070.pdf?sv=2023-01-03&sig=dummy70
71,REQ-9c69b07b-b0fe-4c6c-aad1-e2c9c595b683,PLANSET-071.pdf,PLANSET-ID-071,https://blob.core.windows.net/client-docs/planset-071.pdf?sv=2023-01-03&sig=dummy71
72,REQ-9404d41f-4435-4ecb-94e7-89ff510c64d5,PLANSET-072.pdf,PLANSET-ID-072,https://blob.core.windows.net/client-docs/planset-072.pdf?sv=2023-01-03&sig=dummy72
73,REQ-332e8c99-a3d1-4cc2-bd74-dd945fa90926,PLANSET-073.pdf,PLANSET-ID-073,https://blob.core.windows.net/client-docs/planset-073.pdf?sv=2023-01-03&sig=dummy73
74,REQ-41d9fbd6-e52f-4c3f-9048-f22d28ad3ad6,PLANSET-074.pdf,PLANSET-ID-074,https://blob.core.windows.net/client-docs/planset-074.pdf?sv=2023-01-03&sig=dummy74
75,REQ-20665cb7-f61a-4145-9418-816d10cbeef1,PLANSET-075.pdf,PLANSET-ID-075,https://blob.core.windows.net/client-docs/planset-075.pdf?sv=2023-01-03&sig=dummy75
76,REQ-c2edc1fa-5ab2-4027-810e-251a930f787c,PLANSET-076.pdf,PLANSET-ID-076,https://blob.core.windows.net/client-docs/planset-076.pdf?sv=2023-01-03&sig=dummy76
77,REQ-c7e1e0a9-da3a-4585-94de-2871f065f828,PLANSET-077.pdf,PLANSET-ID-077,https://blob.core.windows.net/client-docs/planset-077.pdf?sv=2023-01-03&sig=dummy77
78,REQ-8fa975eb-8c96-4346-92b0-7d2f20db00ca,PLANSET-078.pdf,PLANSET-ID-078,https://blob.core.windows.net/client-docs/planset-078.pdf?sv=2023-01-03&sig=dummy78
79,REQ-c3ed76c6-1219-45c2-bad2-70e576cf8e89,PLANSET-079.pdf,PLANSET-ID-079,https://blob.core.windows.net/client-docs/planset-079.pdf?sv=2023-01-03&sig=dummy79
80,REQ-36ec6c5e-f7e2-493a-84b1-6f521920afc4,PLANSET-080.pdf,PLANSET-ID-080,https://blob.core.windows.net/client-docs/planset-080.pdf?sv=2023-01-03&sig=dummy80
81,REQ-01b886ea-0584-492f-965f-6d336c51ba0d,PLANSET-081.pdf,PLANSET-ID-081,https://blob.core.windows.net/client-docs/planset-081.pdf?sv=2023-01-03&sig=dummy81
82,REQ-c2fc8e4b-afed-4eec-b510-bcd8c2474570,PLANSET-082.pdf,PLANSET-ID-082,https://blob.core.windows.net/client-docs/planset-082.pdf?sv=2023-01-03&sig=dummy82
83,REQ-6aab1d7d-0f0b-40ed-bc18-7457c6e89743,PLANSET-083.pdf,PLANSET-ID-083,https://blob.core.windows.net/client-docs/planset-083.pdf?sv=2023-01-03&sig=dummy83
84,REQ-55445d84-8c04-4afc-a357-2ed85deb8079,PLANSET-084.pdf,PLANSET-ID-084,https://blob.core.windows.net/client-docs/planset-084.pdf?sv=2023-01-03&sig=dummy84
85,REQ-9a9f6aa1-58c2-40b5-ba6c-a1ab8288f626,PLANSET-085.pdf,PLANSET-ID-085,https://blob.core.windows.net/client-docs/planset-085.pdf?sv=2023-01-03&sig=dummy85
86,REQ-c27f4ef6-95ba-4a37-909b-1ec14a5f7bb1,PLANSET-086.pdf,PLANSET-ID-086,https://blob.core.windows.net/client-docs/planset-086.pdf?sv=2023-01-03&sig=dummy86
87,REQ-4a12c776-a772-4dd8-bb9f-1c431611bbb9,PLANSET-087.pdf,PLANSET-ID-087,https://blob.core.windows.net/client-docs/planset-087.pdf?sv=2023-01-03&sig=dummy87
88,REQ-e2d456ef-ea11-46e7-82d7-9b9e7736f1ed,PLANSET-088.pdf,PLANSET-ID-088,https://blob.core.windows.net/client-docs/planset-088.pdf?sv=2023-01-03&sig=dummy88
89,REQ-be44782e-66d8-451b-907b-3d7ac2a233d4,PLANSET-089.pdf,PLANSET-ID-089,https://blob.core.windows.net/client-docs/planset-089.pdf?sv=2023-01-03&sig=dummy89
90,REQ-1c26a520-3240-4372-9385-bbcaa6fb2c8e,PLANSET-090.pdf,PLANSET-ID-090,https://blob.core.windows.net/client-docs/planset-090.pdf?sv=2023-01-03&sig=dummy90
91,REQ-b87268cd-ebaf-43ad-9c4f-77cef7061b61,PLANSET-091.pdf,PLANSET-ID-091,https://blob.core.windows.net/client-docs/planset-091.pdf?sv=2023-01-03&sig=dummy91
92,REQ-b5f8f13f-8052-402a-81d3-8bf2c0003f88,PLANSET-092.pdf,PLANSET-ID-092,https://blob.core.windows.net/client-docs/planset-092.pdf?sv=2023-01-03&sig=dummy92
93,REQ-7ecd8945-8b40-4c4f-9ee1-6bba47aa8aa2,PLANSET-093.pdf,PLANSET-ID-093,https://blob.core.windows.net/client-docs/planset-093.pdf?sv=2023-01-03&sig=dummy93
94,REQ-598d363e-cda7-4cc0-948f-3d8eb22063e7,PLANSET-094.pdf,PLANSET-ID-094,https://blob.core.windows.net/client-docs/planset-094.pdf?sv=2023-01-03&sig=dummy94
95,REQ-6aa188d1-3311-4354-b21b-a88fe2c77bd3,PLANSET-095.pdf,PLANSET-ID-095,https://blob.core.windows.net/client-docs/planset-095.pdf?sv=2023-01-03&sig=dummy95
96,REQ-cc3b6b30-6d5a-4574-b4f1-521ee9bea01e,PLANSET-096.pdf,PLANSET-ID-096,https://blob.core.windows.net/client-docs/planset-096.pdf?sv=2023-01-03&sig=dummy96
97,REQ-ffc87564-0fc7-471a-baed-43fc5a7e9b55,PLANSET-097.pdf,PLANSET-ID-097,https://blob.core.windows.net/client-docs/planset-097.pdf?sv=2023-01-03&sig=dummy97
98,REQ-c23b176e-d65a-4c8c-a688-6e69a7ba0dfb,PLANSET-098.pdf,PLANSET-ID-098,https://blob.core.windows.net/client-docs/planset-098.pdf?sv=2023-01-03&sig=dummy98
99,REQ-ee8fcaf0-f0bf-4acf-827a-9b5b5820bc02,PLANSET-099.pdf,PLANSET-ID-099,https://blob.core.windows.net/client-docs/planset-099.pdf?sv=2023-01-03&sig=dummy99
100,REQ-1abb4c2b-c25a-42fa-82a6-b718c5d1d701,PLANSET-100.pdf,PLANSET-ID-100,https://blob.core.windows.net/client-docs/planset-100.pdf?sv=2023-01-03&sig=dummy100
101,REQ-18140327-4bf3-401e-80bf-80dc3cd0ff8f,PLANSET-101.pdf,PLANSET-ID-101,https://blob.core.windows.net/client-docs/planset-101.pdf?sv=2023-01-03&sig=dummy101
102,REQ-1eeb246e-4778-42d1-9e27-de60a17c29fd,PLANSET-102.pdf,PLANSET-ID-102,https://blob.core.windows.net/client-docs/planset-102.pdf?sv=2023-01-03&sig=dummy102
103,REQ-3ebe7a54-7830-45e9-a6a0-a88bd5866702,PLANSET-103.pdf,PLANSET-ID-103,https://blob.core.windows.net/client-docs/planset-103.pdf?sv=2023-01-03&sig=dummy103
104,REQ-a67bc923-1dbe-4142-9c55-58c1158f935d,PLANSET-104.pdf,PLANSET-ID-104,https://blob.core.windows.net/client-docs/planset-104.pdf?sv=2023-01-03&sig=dummy104
105,REQ-edd5c4f3-f538-4837-9e69-68dd5f2b76f9,PLANSET-105.pdf,PLANSET-ID-105,https://blob.core.windows.net/client-docs/planset-105.pdf?sv=2023-01-03&sig=dummy105
106,REQ-4f5e2389-8cd8-4148-9909-818933c7da67,PLANSET-106.pdf,PLANSET-ID-106,https://blob.core.windows.net/client-docs/planset-106.pdf?sv=2023-01-03&sig=dummy106
107,REQ-ffd08c95-5ec4-4ea1-864e-9cdba7166c59,PLANSET-107.pdf,PLANSET-ID-107,https://blob.core.windows.net/client-docs/planset-107.pdf?sv=2023-01-03&sig=dummy107
108,REQ-15999657-2fd5-41fc-8dbb-75afc635e3bd,PLANSET-108.pdf,PLANSET-ID-108,https://blob.core.windows.net/client-docs/planset-108.pdf?sv=2023-01-03&sig=dummy108
109,REQ-5c64793d-60c1-44f3-a033-20d97465be71,PLANSET-109.pdf,PLANSET-ID-109,https://blob.core.windows.net/client-docs/planset-109.pdf?sv=2023-01-03&sig=dummy109
110,REQ-aba1334e-4926-4fd5-a02e-b36844ee744d,PLANSET-110.pdf,PLANSET-ID-110,https://blob.core.windows.net/client-docs/planset-110.pdf?sv=2023-01-03&sig=dummy110
111,REQ-8690e8ba-7ef2-4fdd-817c-5ad1128247d1,PLANSET-111.pdf,PLANSET-ID-111,https://blob.core.windows.net/client-docs/planset-111.pdf?sv=2023-01-03&sig=dummy111
112,REQ-d5a234b8-6f95-4fd4-9905-e52e9e5b0862,PLANSET-112.pdf,PLANSET-ID-112,https://blob.core.windows.net/client-docs/planset-112.pdf?sv=2023-01-03&sig=dummy112
113,REQ-8a40f6dc-a147-4c2d-8e7e-df467573f39a,PLANSET-113.pdf,PLANSET-ID-113,https://blob.core.windows.net/client-docs/planset-113.pdf?sv=2023-01-03&sig=dummy113
114,REQ-6b0ca484-1648-41b4-a8fe-5f526172a3ba,PLANSET-114.pdf,PLANSET-ID-114,https://blob.core.windows.net/client-docs/planset-114.pdf?sv=2023-01-03&sig=dummy114
115,REQ-b71776e1-79fb-42ff-939f-e4fe9b3d555f,PLANSET-115.pdf,PLANSET-ID-115,https://blob.core.windows.net/client-docs/planset-115.pdf?sv=2023-01-03&sig=dummy115
116,REQ-8b194136-558c-410b-a6af-939005b0e76d,PLANSET-116.pdf,PLANSET-ID-116,https://blob.core.windows.net/client-docs/planset-116.pdf?sv=2023-01-03&sig=dummy116
117,REQ-c0682752-326c-4957-8b04-15a63822d5dc,PLANSET-117.pdf,PLANSET-ID-117,https://blob.core.windows.net/client-docs/planset-117.pdf?sv=2023-01-03&sig=dummy117
118,REQ-fc6de903-8797-4504-8792-cd03ce3debac,PLANSET-118.pdf,PLANSET-ID-118,https://blob.core.windows.net/client-docs/planset-118.pdf?sv=2023-01-03&sig=dummy118
119,REQ-4119643c-8500-4156-9b3b-14c41d647b99,PLANSET-119.pdf,PLANSET-ID-119,https://blob.core.windows.net/client-docs/planset-119.pdf?sv=2023-01-03&sig=dummy119
120,REQ-1b5de02e-7928-4bef-a293-68ed06c65688,PLANSET-120.pdf,PLANSET-ID-120,https://blob.core.windows.net/client-docs/planset-120.pdf?sv=2023-01-03&sig=dummy120
121,REQ-b11ac852-b4bd-4ff2-a6ba-9fb98fc1efb0,PLANSET-121.pdf,PLANSET-ID-121,https://blob.core.windows.net/client-docs/planset-121.pdf?sv=2023-01-03&sig=dummy121
122,REQ-2d88a532-9ea4-4a95-ab5f-994cc383c1d4,PLANSET-122.pdf,PLANSET-ID-122,https://blob.core.windows.net/client-docs/planset-122.pdf?sv=2023-01-03&sig=dummy122
123,REQ-6df22ae7-8083-4d56-8035-4676a954f0ec,PLANSET-123.pdf,PLANSET-ID-123,https://blob.core.windows.net/client-docs/planset-123.pdf?sv=2023-01-03&sig=dummy123
124,REQ-9f63362a-9691-4190-9d18-79d74b83d95c,PLANSET-124.pdf,PLANSET-ID-124,https://blob.core.windows.net/client-docs/planset-124.pdf?sv=2023-01-03&sig=dummy124
125,REQ-77797545-9541-4c1e-a197-359fc329ced3,PLANSET-125.pdf,PLANSET-ID-125,https://blob.core.windows.net/client-docs/planset-125.pdf?sv=2023-01-03&sig=dummy125
126,REQ-a0903912-d6ae-4500-8e45-e1440b14a63d,PLANSET-126.pdf,PLANSET-ID-126,https://blob.core.windows.net/client-docs/planset-126.pdf?sv=2023-01-03&sig=dummy126
127,REQ-c6d06518-ee9e-4fa7-b50c-18dc4df51de2,PLANSET-127.pdf,PLANSET-ID-127,https://blob.core.windows.net/client-docs/planset-127.pdf?sv=2023-01-03&sig=dummy127
128,REQ-cb8624ab-a7d8-466c-baa4-b51742cd78e5,PLANSET-128.pdf,PLANSET-ID-128,https://blob.core.windows.net/client-docs/planset-128.pdf?sv=2023-01-03&sig=dummy128
129,REQ-79648911-3751-4318-8963-0847ae5336ce,PLANSET-129.pdf,PLANSET-ID-129,https://blob.core.windows.net/client-docs/planset-129.pdf?sv=2023-01-03&sig=dummy129
130,REQ-4ef6f931-3d16-4cb0-a6d6-936d8bf77c18,PLANSET-130.pdf,PLANSET-ID-130,https://blob.core.windows.net/client-docs/planset-130.pdf?sv=2023-01-03&sig=dummy130
131,REQ-ce23ebca-17f4-48ed-b86a-cdf284abcb30,PLANSET-131.pdf,PLANSET-ID-131,https://blob.core.windows.net/client-docs/planset-131.pdf?sv=2023-01-03&sig=dummy131
132,REQ-a2d9c063-9b9b-4fb5-9074-71724ebffb90,PLANSET-132.pdf,PLANSET-ID-132,https://blob.core.windows.net/client-docs/planset-132.pdf?sv=2023-01-03&sig=dummy132
133,REQ-7c42a36b-d7e4-49db-9bfa-e25743094cf6,PLANSET-133.pdf,PLANSET-ID-133,https://blob.core.windows.net/client-docs/planset-133.pdf?sv=2023-01-03&sig=dummy133
134,REQ-df36ad61-69bb-4783-b434-6e84c43f8012,PLANSET-134.pdf,PLANSET-ID-134,https://blob.core.windows.net/client-docs/planset-134.pdf?sv=2023-01-03&sig=dummy134
135,REQ-2b83242f-6bba-4070-a7d1-66d1f4d6fe00,PLANSET-135.pdf,PLANSET-ID-135,https://blob.core.windows.net/client-docs/planset-135.pdf?sv=2023-01-03&sig=dummy135
136,REQ-b4caf485-b875-4e3f-bb2e-61dffb03fe93,PLANSET-136.pdf,PLANSET-ID-136,https://blob.core.windows.net/client-docs/planset-136.pdf?sv=2023-01-03&sig=dummy136
137,REQ-dce677ed-f2a1-437c-aedb-66ad17a22969,PLANSET-137.pdf,PLANSET-ID-137,https://blob.core.windows.net/client-docs/planset-137.pdf?sv=2023-01-03&sig=dummy137
138,REQ-452836d6-343d-4eed-baa8-861a98d876ea,PLANSET-138.pdf,PLANSET-ID-138,https://blob.core.windows.net/client-docs/planset-138.pdf?sv=2023-01-03&sig=dummy138
139,REQ-209277db-b72f-45d3-98e8-fe877c9cfb00,PLANSET-139.pdf,PLANSET-ID-139,https://blob.core.windows.net/client-docs/planset-139.pdf?sv=2023-01-03&sig=dummy139
140,REQ-d96ca1dc-6569-4e57-ae16-d8ab14eaf41f,PLANSET-140.pdf,PLANSET-ID-140,https://blob.core.windows.net/client-docs/planset-140.pdf?sv=2023-01-03&sig=dummy140
141,REQ-f68dfa85-8d5d-41d9-9b63-e8451bfe1d16,PLANSET-141.pdf,PLANSET-ID-141,https://blob.core.windows.net/client-docs/planset-141.pdf?sv=2023-01-03&sig=dummy141
142,REQ-7842cc2a-bbdc-423e-9e8b-0c52f9de50ea,PLANSET-142.pdf,PLANSET-ID-142,https://blob.core.windows.net/client-docs/planset-142.pdf?sv=2023-01-03&sig=dummy142
143,REQ-0db009f7-ba1f-42d1-8362-0c3cd8a30505,PLANSET-143.pdf,PLANSET-ID-143,https://blob.core.windows.net/client-docs/planset-143.pdf?sv=2023-01-03&sig=dummy143
144,REQ-cb9f3d6c-9efc-4e59-b0bb-771c94852d4e,PLANSET-144.pdf,PLANSET-ID-144,https://blob.core.windows.net/client-docs/planset-144.pdf?sv=2023-01-03&sig=dummy144
145,REQ-9f256336-48bf-44cf-ada0-89f07a631620,PLANSET-145.pdf,PLANSET-ID-145,https://blob.core.windows.net/client-docs/planset-145.pdf?sv=2023-01-03&sig=dummy145
146,REQ-9ac73c42-07e4-4b8f-a58b-92edea84a3ce,PLANSET-146.pdf,PLANSET-ID-146,https://blob.core.windows.net/client-docs/planset-146.pdf?sv=2023-01-03&sig=dummy146
147,REQ-a66ab5c3-3a87-444d-9ba6-4253ae5ec15d,PLANSET-147.pdf,PLANSET-ID-147,https://blob.core.windows.net/client-docs/planset-147.pdf?sv=2023-01-03&sig=dummy147
148,REQ-0071c408-7479-4508-9554-ed548294d1e1,PLANSET-148.pdf,PLANSET-ID-148,https://blob.core.windows.net/client-docs/planset-148.pdf?sv=2023-01-03&sig=dummy148
149,REQ-521dc397-bd0a-47de-9dcf-7587e8b5c917,PLANSET-149.pdf,PLANSET-ID-149,https://blob.core.windows.net/client-docs/planset-149.pdf?sv=2023-01-03&sig=dummy149
150,REQ-339b4495-a6ec-4e12-bf17-73b36b77b7a2,PLANSET-150.pdf,PLANSET-ID-150,https://blob.core.windows.net/client-docs/planset-150.pdf?sv=2023-01-03&sig=dummy150
151,REQ-84657030-90b3-4721-83f3-4dc63bf9eb6d,PLANSET-151.pdf,PLANSET-ID-151,https://blob.core.windows.net/client-docs/planset-151.pdf?sv=2023-01-03&sig=dummy151
152,REQ-00b8ad55-5eb0-4e03-88d8-0c4f74dac8a9,PLANSET-152.pdf,PLANSET-ID-152,https://blob.core.windows.net/client-docs/planset-152.pdf?sv=2023-01-03&sig=dummy152
153,REQ-8ea04060-16c9-4e27-bd74-767547fbc067,PLANSET-153.pdf,PLANSET-ID-153,https://blob.core.windows.net/client-docs/planset-153.pdf?sv=2023-01-03&sig=dummy153
154,REQ-37fb64a7-cd98-4c84-8255-dc6803aded1f,PLANSET-154.pdf,PLANSET-ID-154,https://blob.core.windows.net/client-docs/planset-154.pdf?sv=2023-01-03&sig=dummy154
155,REQ-ba646b01-fa25-4f8c-bb17-21eef43d49d6,PLANSET-155.pdf,PLANSET-ID-155,https://blob.core.windows.net/client-docs/planset-155.pdf?sv=2023-01-03&sig=dummy155
156,REQ-375b33bb-4b3a-4dfc-8fc8-40efda83a839,PLANSET-156.pdf,PLANSET-ID-156,https://blob.core.windows.net/client-docs/planset-156.pdf?sv=2023-01-03&sig=dummy156
157,REQ-0a7745f4-c9b6-42f5-bb18-e97c355a6027,PLANSET-157.pdf,PLANSET-ID-157,https://blob.core.windows.net/client-docs/planset-157.pdf?sv=2023-01-03&sig=dummy157
158,REQ-2329e21f-7061-48a4-bc21-11a9d24b5b46,PLANSET-158.pdf,PLANSET-ID-158,https://blob.core.windows.net/client-docs/planset-158.pdf?sv=2023-01-03&sig=dummy158
159,REQ-d79e9d75-d5ce-48d3-a269-b8592419b3f1,PLANSET-159.pdf,PLANSET-ID-159,https://blob.core.windows.net/client-docs/planset-159.pdf?sv=2023-01-03&sig=dummy159
160,REQ-3452859f-7108-435e-beff-1c4f4ac379d7,PLANSET-160.pdf,PLANSET-ID-160,https://blob.core.windows.net/client-docs/planset-160.pdf?sv=2023-01-03&sig=dummy160
161,REQ-c6e48582-6e47-479a-9d24-2705ef3c8491,PLANSET-161.pdf,PLANSET-ID-161,https://blob.core.windows.net/client-docs/planset-161.pdf?sv=2023-01-03&sig=dummy161
162,REQ-8f76344f-56fd-4512-a229-1a5c96ce28a9,PLANSET-162.pdf,PLANSET-ID-162,https://blob.core.windows.net/client-docs/planset-162.pdf?sv=2023-01-03&sig=dummy162
163,REQ-1d841ecd-d534-4aac-b564-ce3c1bf21fdc,PLANSET-163.pdf,PLANSET-ID-163,https://blob.core.windows.net/client-docs/planset-163.pdf?sv=2023-01-03&sig=dummy163
164,REQ-9ac3d7d4-9c2e-48a3-8861-c85551004568,PLANSET-164.pdf,PLANSET-ID-164,https://blob.core.windows.net/client-docs/planset-164.pdf?sv=2023-01-03&sig=dummy164
165,REQ-25d536e8-711f-4280-8487-df564e8abb9b,PLANSET-165.pdf,PLANSET-ID-165,https://blob.core.windows.net/client-docs/planset-165.pdf?sv=2023-01-03&sig=dummy165
166,REQ-f7de7d1a-4d47-4447-8372-a92d797233f5,PLANSET-166.pdf,PLANSET-ID-166,https://blob.core.windows.net/client-docs/planset-166.pdf?sv=2023-01-03&sig=dummy166
167,REQ-7b5dd80f-fd0f-426d-bb1b-c7c3ece8631d,PLANSET-167.pdf,PLANSET-ID-167,https://blob.core.windows.net/client-docs/planset-167.pdf?sv=2023-01-03&sig=dummy167
168,REQ-1f986f30-eb94-43c8-aa0d-74271fd9bd8c,PLANSET-168.pdf,PLANSET-ID-168,https://blob.core.windows.net/client-docs/planset-168.pdf?sv=2023-01-03&sig=dummy168
169,REQ-01ccc336-ee7b-4354-a14d-6792a4037de5,PLANSET-169.pdf,PLANSET-ID-169,https://blob.core.windows.net/client-docs/planset-169.pdf?sv=2023-01-03&sig=dummy169
170,REQ-cc8e0bb3-0f1f-40df-9ccf-3f9f6b80a962,PLANSET-170.pdf,PLANSET-ID-170,https://blob.core.windows.net/client-docs/planset-170.pdf?sv=2023-01-03&sig=dummy170
171,REQ-b5dfaffc-3d65-45d0-8f57-5fd871ce0e01,PLANSET-171.pdf,PLANSET-ID-171,https://blob.core.windows.net/client-docs/planset-171.pdf?sv=2023-01-03&sig=dummy171
172,REQ-c35a76eb-fc4d-4e90-acf9-53244971107a,PLANSET-172.pdf,PLANSET-ID-172,https://blob.core.windows.net/client-docs/planset-172.pdf?sv=2023-01-03&sig=dummy172
173,REQ-199b3b0e-2c43-4604-9165-cbf9009cf2b1,PLANSET-173.pdf,PLANSET-ID-173,https://blob.core.windows.net/client-docs/planset-173.pdf?sv=2023-01-03&sig=dummy173
174,REQ-48d655bf-100b-4dda-a1a3-d996775786e8,PLANSET-174.pdf,PLANSET-ID-174,https://blob.core.windows.net/client-docs/planset-174.pdf?sv=2023-01-03&sig=dummy174
175,REQ-1e4119d6-5594-4f62-84a6-6cb0cce87a0d,PLANSET-175.pdf,PLANSET-ID-175,https://blob.core.windows.net/client-docs/planset-175.pdf?sv=2023-01-03&sig=dummy175
176,REQ-c6b08136-74ee-4184-bfb7-1c96391a3d89,PLANSET-176.pdf,PLANSET-ID-176,https://blob.core.windows.net/client-docs/planset-176.pdf?sv=2023-01-03&sig=dummy176
177,REQ-7e07c879-fa2b-417a-bf02-1e88db181061,PLANSET-177.pdf,PLANSET-ID-177,https://blob.core.windows.net/client-docs/planset-177.pdf?sv=2023-01-03&sig=dummy177
178,REQ-2e3926b9-1ae2-4e11-8f5b-5537fa3ad584,PLANSET-178.pdf,PLANSET-ID-178,https://blob.core.windows.net/client-docs/planset-178.pdf?sv=2023-01-03&sig=dummy178
179,REQ-51b80eea-1d70-439a-b258-c8e1c9eea527,PLANSET-179.pdf,PLANSET-ID-179,https://blob.core.windows.net/client-docs/planset-179.pdf?sv=2023-01-03&sig=dummy179
180,REQ-e99ea20d-14f6-4f25-9f86-08717806daeb,PLANSET-180.pdf,PLANSET-ID-180,https://blob.core.windows.net/client-docs/planset-180.pdf?sv=2023-01-03&sig=dummy180
181,REQ-b0c10707-33e8-478b-a036-643657b3057a,PLANSET-181.pdf,PLANSET-ID-181,https://blob.core.windows.net/client-docs/planset-181.pdf?sv=2023-01-03&sig=dummy181
182,REQ-2f5d5926-8816-434f-b39f-e239968a61be,PLANSET-182.pdf,PLANSET-ID-182,https://blob.core.windows.net/client-docs/planset-182.pdf?sv=2023-01-03&sig=dummy182
183,REQ-1ad4cc88-55fe-4b3a-8a89-302e29765f6b,PLANSET-183.pdf,PLANSET-ID-183,https://blob.core.windows.net/client-docs/planset-183.pdf?sv=2023-01-03&sig=dummy183
184,REQ-7cf5af83-824a-4d33-9506-15f79afd1eb0,PLANSET-184.pdf,PLANSET-ID-184,https://blob.core.windows.net/client-docs/planset-184.pdf?sv=2023-01-03&sig=dummy184
185,REQ-1878bcfe-76a1-4516-aebd-45c5927ee675,PLANSET-185.pdf,PLANSET-ID-185,https://blob.core.windows.net/client-docs/planset-185.pdf?sv=2023-01-03&sig=dummy185
186,REQ-ec8f212d-7dce-4907-9fa2-095bc862773a,PLANSET-186.pdf,PLANSET-ID-186,https://blob.core.windows.net/client-docs/planset-186.pdf?sv=2023-01-03&sig=dummy186
187,REQ-32c2ef1b-aa8e-43c0-96da-caf80b79a0a4,PLANSET-187.pdf,PLANSET-ID-187,https://blob.core.windows.net/client-docs/planset-187.pdf?sv=2023-01-03&sig=dummy187
188,REQ-ff83a2d4-85af-4675-9648-d2eda2c100b3,PLANSET-188.pdf,PLANSET-ID-188,https://blob.core.windows.net/client-docs/planset-188.pdf?sv=2023-01-03&sig=dummy188
189,REQ-cdd2aba4-b3be-4b27-a2eb-d4334a77aeda,PLANSET-189.pdf,PLANSET-ID-189,https://blob.core.windows.net/client-docs/planset-189.pdf?sv=2023-01-03&sig=dummy189
190,REQ-3456e241-0c3e-42af-b554-4e0305b1f97a,PLANSET-190.pdf,PLANSET-ID-190,https://blob.core.windows.net/client-docs/planset-190.pdf?sv=2023-01-03&sig=dummy190
191,REQ-a463921d-bb2f-45e6-abe8-409660769bed,PLANSET-191.pdf,PLANSET-ID-191,https://blob.core.windows.net/client-docs/planset-191.pdf?sv=2023-01-03&sig=dummy191
192,REQ-e5619c4f-5d6c-4146-83a5-df2521dfe04e,PLANSET-192.pdf,PLANSET-ID-192,https://blob.core.windows.net/client-docs/planset-192.pdf?sv=2023-01-03&sig=dummy192
193,REQ-69f1b0f9-13a3-4977-93e3-7ae669392177,PLANSET-193.pdf,PLANSET-ID-193,https://blob.core.windows.net/client-docs/planset-193.pdf?sv=2023-01-03&sig=dummy193
194,REQ-e404446b-f610-48eb-87cb-fb75cc3814b5,PLANSET-194.pdf,PLANSET-ID-194,https://blob.core.windows.net/client-docs/planset-194.pdf?sv=2023-01-03&sig=dummy194
195,REQ-8d464285-3576-4973-9dd9-8c48cb8f3856,PLANSET-195.pdf,PLANSET-ID-195,https://blob.core.windows.net/client-docs/planset-195.pdf?sv=2023-01-03&sig=dummy195
196,REQ-29ceb471-bcc6-463a-a5ac-6d3e9f4acf89,PLANSET-196.pdf,PLANSET-ID-196,https://blob.core.windows.net/client-docs/planset-196.pdf?sv=2023-01-03&sig=dummy196
197,REQ-836705c3-9591-4325-b240-d5e441b5c1ef,PLANSET-197.pdf,PLANSET-ID-197,https://blob.core.windows.net/client-docs/planset-197.pdf?sv=2023-01-03&sig=dummy197
198,REQ-4e3f9cbd-6a07-4140-9fbe-deafa2df66a5,PLANSET-198.pdf,PLANSET-ID-198,https://blob.core.windows.net/client-docs/planset-198.pdf?sv=2023-01-03&sig=dummy198
199,REQ-c0becb29-b97e-4974-ad87-8aade4928a68,PLANSET-199.pdf,PLANSET-ID-199,https://blob.core.windows.net/client-docs/planset-199.pdf?sv=2023-01-03&sig=dummy199
200,REQ-219cd0dd-bf79-4c6e-8e69-c69561ee755e,PLANSET-200.pdf,PLANSET-ID-200,https://blob.core.windows.net/client-docs/planset-200.pdf?sv=2023-01-03&sig=dummy200
201,REQ-72818059-2abc-448b-b4d0-943e117ec8e4,PLANSET-201.pdf,PLANSET-ID-201,https://blob.core.windows.net/client-docs/planset-201.pdf?sv=2023-01-03&sig=dummy201
202,REQ-62e508c7-7afc-4196-8077-1883bcd3ce63,PLANSET-202.pdf,PLANSET-ID-202,https://blob.core.windows.net/client-docs/planset-202.pdf?sv=2023-01-03&sig=dummy202
203,REQ-13b0ca38-ed27-49a9-991b-60f671fc85c1,PLANSET-203.pdf,PLANSET-ID-203,https://blob.core.windows.net/client-docs/planset-203.pdf?sv=2023-01-03&sig=dummy203
204,REQ-a62339f4-eea5-4138-869b-f2611007c8a1,PLANSET-204.pdf,PLANSET-ID-204,https://blob.core.windows.net/client-docs/planset-204.pdf?sv=2023-01-03&sig=dummy204
205,REQ-13846b83-fd4b-4563-adf0-7331a9436ad1,PLANSET-205.pdf,PLANSET-ID-205,https://blob.core.windows.net/client-docs/planset-205.pdf?sv=2023-01-03&sig=dummy205
206,REQ-49b22ecd-bd0c-417e-903e-55d05003061a,PLANSET-206.pdf,PLANSET-ID-206,https://blob.core.windows.net/client-docs/planset-206.pdf?sv=2023-01-03&sig=dummy206
207,REQ-af741e74-ee8f-495c-9c87-a8c2bc6684b3,PLANSET-207.pdf,PLANSET-ID-207,https://blob.core.windows.net/client-docs/planset-207.pdf?sv=2023-01-03&sig=dummy207
208,REQ-fbf450f4-e66b-4b7a-861f-d79a5ef5bf47,PLANSET-208.pdf,PLANSET-ID-208,https://blob.core.windows.net/client-docs/planset-208.pdf?sv=2023-01-03&sig=dummy208
209,REQ-3c97ab12-e592-4c8d-8b12-af00737f5b73,PLANSET-209.pdf,PLANSET-ID-209,https://blob.core.windows.net/client-docs/planset-209.pdf?sv=2023-01-03&sig=dummy209
210,REQ-237326f4-6bbb-4187-a48a-1cbbe5b5897e,PLANSET-210.pdf,PLANSET-ID-210,https://blob.core.windows.net/client-docs/planset-210.pdf?sv=2023-01-03&sig=dummy210
211,REQ-ed17ecbe-458f-4eb9-8c8d-a88608ee1048,PLANSET-211.pdf,PLANSET-ID-211,https://blob.core.windows.net/client-docs/planset-211.pdf?sv=2023-01-03&sig=dummy211
212,REQ-1284e070-2996-4d7c-a315-c0995c16eaaf,PLANSET-212.pdf,PLANSET-ID-212,https://blob.core.windows.net/client-docs/planset-212.pdf?sv=2023-01-03&sig=dummy212
213,REQ-18e22686-693a-45d3-ba3c-8b53b0674c43,PLANSET-213.pdf,PLANSET-ID-213,https://blob.core.windows.net/client-docs/planset-213.pdf?sv=2023-01-03&sig=dummy213
214,REQ-554929f4-4e63-4b79-8e7a-5ce3371c11e2,PLANSET-214.pdf,PLANSET-ID-214,https://blob.core.windows.net/client-docs/planset-214.pdf?sv=2023-01-03&sig=dummy214
215,REQ-22db9eed-6711-42a8-8c47-67b946530ec7,PLANSET-215.pdf,PLANSET-ID-215,https://blob.core.windows.net/client-docs/planset-215.pdf?sv=2023-01-03&sig=dummy215
216,REQ-d139ef80-8550-42ab-8d1a-e4bb287e5cde,PLANSET-216.pdf,PLANSET-ID-216,https://blob.core.windows.net/client-docs/planset-216.pdf?sv=2023-01-03&sig=dummy216
217,REQ-3be6733c-b63f-4177-a917-d76ca8976a51,PLANSET-217.pdf,PLANSET-ID-217,https://blob.core.windows.net/client-docs/planset-217.pdf?sv=2023-01-03&sig=dummy217
218,REQ-560e9f7f-b223-4d57-9ef7-8ef8cd2fa62a,PLANSET-218.pdf,PLANSET-ID-218,https://blob.core.windows.net/client-docs/planset-218.pdf?sv=2023-01-03&sig=dummy218
219,REQ-f3f573f9-2426-44d4-b9a5-2df1382b184e,PLANSET-219.pdf,PLANSET-ID-219,https://blob.core.windows.net/client-docs/planset-219.pdf?sv=2023-01-03&sig=dummy219
220,REQ-a9db9d33-9ecb-47db-9fff-f3f9e747d2cf,PLANSET-220.pdf,PLANSET-ID-220,https://blob.core.windows.net/client-docs/planset-220.pdf?sv=2023-01-03&sig=dummy220
221,REQ-b0ea0e1b-b5db-49cd-851b-7df21b96e582,PLANSET-221.pdf,PLANSET-ID-221,https://blob.core.windows.net/client-docs/planset-221.pdf?sv=2023-01-03&sig=dummy221
222,REQ-c8ca6b24-241f-46da-9cb9-80053aaac041,PLANSET-222.pdf,PLANSET-ID-222,https://blob.core.windows.net/client-docs/planset-222.pdf?sv=2023-01-03&sig=dummy222
223,REQ-324d5257-74fb-43e8-92ee-afea628da281,PLANSET-223.pdf,PLANSET-ID-223,https://blob.core.windows.net/client-docs/planset-223.pdf?sv=2023-01-03&sig=dummy223
224,REQ-245af2b5-584d-4337-bb9b-9661eccac0fc,PLANSET-224.pdf,PLANSET-ID-224,https://blob.core.windows.net/client-docs/planset-224.pdf?sv=2023-01-03&sig=dummy224
225,REQ-1c7d749e-6647-438c-b63e-7ff39e26e598,PLANSET-225.pdf,PLANSET-ID-225,https://blob.core.windows.net/client-docs/planset-225.pdf?sv=2023-01-03&sig=dummy225
226,REQ-f9549b19-50f4-4d40-9005-b577df0b070c,PLANSET-226.pdf,PLANSET-ID-226,https://blob.core.windows.net/client-docs/planset-226.pdf?sv=2023-01-03&sig=dummy226
227,REQ-89e8b3c0-845f-44f7-91ce-e4986c2d929d,PLANSET-227.pdf,PLANSET-ID-227,https://blob.core.windows.net/client-docs/planset-227.pdf?sv=2023-01-03&sig=dummy227
228,REQ-ae00378d-2f70-405c-8d83-86c64dc98aed,PLANSET-228.pdf,PLANSET-ID-228,https://blob.core.windows.net/client-docs/planset-228.pdf?sv=2023-01-03&sig=dummy228
229,REQ-d6185dcb-31f7-4293-a728-548ae6ed3356,PLANSET-229.pdf,PLANSET-ID-229,https://blob.core.windows.net/client-docs/planset-229.pdf?sv=2023-01-03&sig=dummy229
230,REQ-6ed5fc25-e579-4e92-a148-b4d7122cbaf9,PLANSET-230.pdf,PLANSET-ID-230,https://blob.core.windows.net/client-docs/planset-230.pdf?sv=2023-01-03&sig=dummy230
231,REQ-eea2e3a8-573f-47a6-a58e-3ab4b7029d4f,PLANSET-231.pdf,PLANSET-ID-231,https://blob.core.windows.net/client-docs/planset-231.pdf?sv=2023-01-03&sig=dummy231
232,REQ-5b514d69-63cf-4721-90a0-aa0bb45ab680,PLANSET-232.pdf,PLANSET-ID-232,https://blob.core.windows.net/client-docs/planset-232.pdf?sv=2023-01-03&sig=dummy232
233,REQ-160d8b84-3086-4e16-bb27-98d4029b0a27,PLANSET-233.pdf,PLANSET-ID-233,https://blob.core.windows.net/client-docs/planset-233.pdf?sv=2023-01-03&sig=dummy233
234,REQ-f9ebad2d-1fe9-4e0f-92a2-accfd33f4d44,PLANSET-234.pdf,PLANSET-ID-234,https://blob.core.windows.net/client-docs/planset-234.pdf?sv=2023-01-03&sig=dummy234
235,REQ-ead33e99-b108-4bc8-9528-e5616f72b302,PLANSET-235.pdf,PLANSET-ID-235,https://blob.core.windows.net/client-docs/planset-235.pdf?sv=2023-01-03&sig=dummy235
236,REQ-6ba3fe8d-de5f-4faf-ad77-736f68e20d77,PLANSET-236.pdf,PLANSET-ID-236,https://blob.core.windows.net/client-docs/planset-236.pdf?sv=2023-01-03&sig=dummy236
237,REQ-18a2a51a-8067-453c-9628-55de52eb1884,PLANSET-237.pdf,PLANSET-ID-237,https://blob.core.windows.net/client-docs/planset-237.pdf?sv=2023-01-03&sig=dummy237
238,REQ-9fff215d-75af-48df-9397-f3234f2cbe15,PLANSET-238.pdf,PLANSET-ID-238,https://blob.core.windows.net/client-docs/planset-238.pdf?sv=2023-01-03&sig=dummy238
239,REQ-faa947e7-0d73-4644-90ba-e5464eb5d976,PLANSET-239.pdf,PLANSET-ID-239,https://blob.core.windows.net/client-docs/planset-239.pdf?sv=2023-01-03&sig=dummy239
240,REQ-a9ff8003-56f8-4d03-9d4c-c74e42f64946,PLANSET-240.pdf,PLANSET-ID-240,https://blob.core.windows.net/client-docs/planset-240.pdf?sv=2023-01-03&sig=dummy240
241,REQ-9cbd2ad2-eae2-4773-85cf-f3d8d9d028ce,PLANSET-241.pdf,PLANSET-ID-241,https://blob.core.windows.net/client-docs/planset-241.pdf?sv=2023-01-03&sig=dummy241
242,REQ-ee4e2f01-c5c5-4397-a4af-b5d2b74a0794,PLANSET-242.pdf,PLANSET-ID-242,https://blob.core.windows.net/client-docs/planset-242.pdf?sv=2023-01-03&sig=dummy242
243,REQ-0936fb28-ff4b-4085-943c-ea3cc4da2078,PLANSET-243.pdf,PLANSET-ID-243,https://blob.core.windows.net/client-docs/planset-243.pdf?sv=2023-01-03&sig=dummy243
244,REQ-947fb9d5-3784-4a8e-8065-c8389a8a9868,PLANSET-244.pdf,PLANSET-ID-244,https://blob.core.windows.net/client-docs/planset-244.pdf?sv=2023-01-03&sig=dummy244
245,REQ-285d2acc-f0ed-4584-bc60-65408cc458ef,PLANSET-245.pdf,PLANSET-ID-245,https://blob.core.windows.net/client-docs/planset-245.pdf?sv=2023-01-03&sig=dummy245
246,REQ-211668df-498c-404d-8744-d08c7848f075,PLANSET-246.pdf,PLANSET-ID-246,https://blob.core.windows.net/client-docs/planset-246.pdf?sv=2023-01-03&sig=dummy246
247,REQ-d1ffdfad-62c8-4725-a252-e6ee3708fb1a,PLANSET-247.pdf,PLANSET-ID-247,https://blob.core.windows.net/client-docs/planset-247.pdf?sv=2023-01-03&sig=dummy247
248,REQ-ff947d62-c364-4503-9a39-0b29541f062c,PLANSET-248.pdf,PLANSET-ID-248,https://blob.core.windows.net/client-docs/planset-248.pdf?sv=2023-01-03&sig=dummy248
249,REQ-3a81761f-3681-4778-9b56-6ac755d492d2,PLANSET-249.pdf,PLANSET-ID-249,https://blob.core.windows.net/client-docs/planset-249.pdf?sv=2023-01-03&sig=dummy249
250,REQ-1c8a3845-e96e-4be6-a2f9-4b2f0609521c,PLANSET-250.pdf,PLANSET-ID-250,https://blob.core.windows.net/client-docs/planset-250.pdf?sv=2023-01-03&sig=dummy250
251,REQ-36f48aab-2aff-44fa-88b9-b98c710be209,PLANSET-251.pdf,PLANSET-ID-251,https://blob.core.windows.net/client-docs/planset-251.pdf?sv=2023-01-03&sig=dummy251
252,REQ-7d5e8292-9184-4db8-b3da-b4d9ebce6ec7,PLANSET-252.pdf,PLANSET-ID-252,https://blob.core.windows.net/client-docs/planset-252.pdf?sv=2023-01-03&sig=dummy252
253,REQ-651237e7-0658-4a06-ba21-05e7c714a29d,PLANSET-253.pdf,PLANSET-ID-253,https://blob.core.windows.net/client-docs/planset-253.pdf?sv=2023-01-03&sig=dummy253
254,REQ-8da09f2d-54f8-42f0-b6a3-2744ac54f10d,PLANSET-254.pdf,PLANSET-ID-254,https://blob.core.windows.net/client-docs/planset-254.pdf?sv=2023-01-03&sig=dummy254
255,REQ-84319f35-6615-4c74-883f-3de3423067ea,PLANSET-255.pdf,PLANSET-ID-255,https://blob.core.windows.net/client-docs/planset-255.pdf?sv=2023-01-03&sig=dummy255
256,REQ-617601e3-72d2-49a3-bf76-ddbadd0ef181,PLANSET-256.pdf,PLANSET-ID-256,https://blob.core.windows.net/client-docs/planset-256.pdf?sv=2023-01-03&sig=dummy256
257,REQ-229646b0-f99b-46e6-8bb5-6ac480c50218,PLANSET-257.pdf,PLANSET-ID-257,https://blob.core.windows.net/client-docs/planset-257.pdf?sv=2023-01-03&sig=dummy257
258,REQ-467bb765-ee9f-44e3-a348-3e37d665debb,PLANSET-258.pdf,PLANSET-ID-258,https://blob.core.windows.net/client-docs/planset-258.pdf?sv=2023-01-03&sig=dummy258
259,REQ-4a1316d8-c352-4d96-9894-09d6f1db3c21,PLANSET-259.pdf,PLANSET-ID-259,https://blob.core.windows.net/client-docs/planset-259.pdf?sv=2023-01-03&sig=dummy259
260,REQ-1752c1d8-fb15-4bf5-b621-3b255b4438cd,PLANSET-260.pdf,PLANSET-ID-260,https://blob.core.windows.net/client-docs/planset-260.pdf?sv=2023-01-03&sig=dummy260
261,REQ-bb2d117a-2196-4153-8776-9a4025e8de61,PLANSET-261.pdf,PLANSET-ID-261,https://blob.core.windows.net/client-docs/planset-261.pdf?sv=2023-01-03&sig=dummy261
262,REQ-5d46325c-0345-478b-9b6e-709cfc30fbb7,PLANSET-262.pdf,PLANSET-ID-262,https://blob.core.windows.net/client-docs/planset-262.pdf?sv=2023-01-03&sig=dummy262
263,REQ-7178f1ad-7d1d-402c-84ad-7ca0e01fbb6e,PLANSET-263.pdf,PLANSET-ID-263,https://blob.core.windows.net/client-docs/planset-263.pdf?sv=2023-01-03&sig=dummy263
264,REQ-660d6867-eaa5-481f-96e9-d197ba00e741,PLANSET-264.pdf,PLANSET-ID-264,https://blob.core.windows.net/client-docs/planset-264.pdf?sv=2023-01-03&sig=dummy264
265,REQ-fea31bbb-bd42-4649-9763-abca1842fc6e,PLANSET-265.pdf,PLANSET-ID-265,https://blob.core.windows.net/client-docs/planset-265.pdf?sv=2023-01-03&sig=dummy265
266,REQ-aee61906-b7df-49a2-9986-20c59f980aed,PLANSET-266.pdf,PLANSET-ID-266,https://blob.core.windows.net/client-docs/planset-266.pdf?sv=2023-01-03&sig=dummy266
267,REQ-33574690-fcb8-4969-9acf-4f208ca8e3fd,PLANSET-267.pdf,PLANSET-ID-267,https://blob.core.windows.net/client-docs/planset-267.pdf?sv=2023-01-03&sig=dummy267
268,REQ-b8a8dfc1-c22a-4f19-a762-0bdbb1e27539,PLANSET-268.pdf,PLANSET-ID-268,https://blob.core.windows.net/client-docs/planset-268.pdf?sv=2023-01-03&sig=dummy268
269,REQ-7a81c477-3bb9-4159-bb25-5521f521b7f6,PLANSET-269.pdf,PLANSET-ID-269,https://blob.core.windows.net/client-docs/planset-269.pdf?sv=2023-01-03&sig=dummy269
270,REQ-f199e914-f74b-44cf-bf58-28be9ee8fa9b,PLANSET-270.pdf,PLANSET-ID-270,https://blob.core.windows.net/client-docs/planset-270.pdf?sv=2023-01-03&sig=dummy270
271,REQ-6d4408c3-a62d-4402-bcc0-3433e7fc8735,PLANSET-271.pdf,PLANSET-ID-271,https://blob.core.windows.net/client-docs/planset-271.pdf?sv=2023-01-03&sig=dummy271
272,REQ-998f1134-8df8-48e4-9f6f-87124a96d979,PLANSET-272.pdf,PLANSET-ID-272,https://blob.core.windows.net/client-docs/planset-272.pdf?sv=2023-01-03&sig=dummy272
273,REQ-4de33a60-74a2-448e-9981-44f6d1b30c8d,PLANSET-273.pdf,PLANSET-ID-273,https://blob.core.windows.net/client-docs/planset-273.pdf?sv=2023-01-03&sig=dummy273
274,REQ-fca713dd-3040-4fb1-bdf8-17aa7008d4c8,PLANSET-274.pdf,PLANSET-ID-274,https://blob.core.windows.net/client-docs/planset-274.pdf?sv=2023-01-03&sig=dummy274
275,REQ-f4317c0b-4bd3-45a4-8cfd-6ccf1f4b8d85,PLANSET-275.pdf,PLANSET-ID-275,https://blob.core.windows.net/client-docs/planset-275.pdf?sv=2023-01-03&sig=dummy275
276,REQ-52938e7e-47c0-48b3-b953-a0ee314e8b6c,PLANSET-276.pdf,PLANSET-ID-276,https://blob.core.windows.net/client-docs/planset-276.pdf?sv=2023-01-03&sig=dummy276
277,REQ-e0d5060c-8347-43ae-a164-965e47d90c1f,PLANSET-277.pdf,PLANSET-ID-277,https://blob.core.windows.net/client-docs/planset-277.pdf?sv=2023-01-03&sig=dummy277
278,REQ-7b435f6a-92ac-4f54-8516-16dca72bb931,PLANSET-278.pdf,PLANSET-ID-278,https://blob.core.windows.net/client-docs/planset-278.pdf?sv=2023-01-03&sig=dummy278
279,REQ-0b48f964-c154-43e3-b9ae-6c29012a9b00,PLANSET-279.pdf,PLANSET-ID-279,https://blob.core.windows.net/client-docs/planset-279.pdf?sv=2023-01-03&sig=dummy279
280,REQ-eb664a59-bba5-4b0a-a1ec-3bb731ce6e2f,PLANSET-280.pdf,PLANSET-ID-280,https://blob.core.windows.net/client-docs/planset-280.pdf?sv=2023-01-03&sig=dummy280
281,REQ-67abb1da-4975-4b5a-9e06-b692b16f594a,PLANSET-281.pdf,PLANSET-ID-281,https://blob.core.windows.net/client-docs/planset-281.pdf?sv=2023-01-03&sig=dummy281
282,REQ-a0111b9e-2cf9-4022-8189-81f8a86e5c00,PLANSET-282.pdf,PLANSET-ID-282,https://blob.core.windows.net/client-docs/planset-282.pdf?sv=2023-01-03&sig=dummy282
283,REQ-1bc70a96-3ce4-488b-9598-b9f9d7e16f1f,PLANSET-283.pdf,PLANSET-ID-283,https://blob.core.windows.net/client-docs/planset-283.pdf?sv=2023-01-03&sig=dummy283
284,REQ-386d40f4-6ade-46c6-a119-f7d33ba5ef28,PLANSET-284.pdf,PLANSET-ID-284,https://blob.core.windows.net/client-docs/planset-284.pdf?sv=2023-01-03&sig=dummy284
285,REQ-6854fb8a-f9a0-4edb-b92d-59f1eba4792c,PLANSET-285.pdf,PLANSET-ID-285,https://blob.core.windows.net/client-docs/planset-285.pdf?sv=2023-01-03&sig=dummy285
286,REQ-37e16cf5-5990-440b-9e92-dae5c8ec4840,PLANSET-286.pdf,PLANSET-ID-286,https://blob.core.windows.net/client-docs/planset-286.pdf?sv=2023-01-03&sig=dummy286
287,REQ-4a123088-4c2c-48a1-81d8-9be17ee7ad44,PLANSET-287.pdf,PLANSET-ID-287,https://blob.core.windows.net/client-docs/planset-287.pdf?sv=2023-01-03&sig=dummy287
288,REQ-58d8921c-d014-4bb7-8cf1-09a38e15ac98,PLANSET-288.pdf,PLANSET-ID-288,https://blob.core.windows.net/client-docs/planset-288.pdf?sv=2023-01-03&sig=dummy288
289,REQ-0689c6a2-f3d9-49ed-b113-d3b2d88ab944,PLANSET-289.pdf,PLANSET-ID-289,https://blob.core.windows.net/client-docs/planset-289.pdf?sv=2023-01-03&sig=dummy289
290,REQ-f16bcd7f-e2a1-438e-9b66-11d0ec78d46f,PLANSET-290.pdf,PLANSET-ID-290,https://blob.core.windows.net/client-docs/planset-290.pdf?sv=2023-01-03&sig=dummy290
291,REQ-29f3e28d-5f82-4e31-9ad0-8aa20e9488fe,PLANSET-291.pdf,PLANSET-ID-291,https://blob.core.windows.net/client-docs/planset-291.pdf?sv=2023-01-03&sig=dummy291
292,REQ-c383df29-e221-4e8a-a480-29491b2bd9be,PLANSET-292.pdf,PLANSET-ID-292,https://blob.core.windows.net/client-docs/planset-292.pdf?sv=2023-01-03&sig=dummy292
293,REQ-0a082880-9c0d-4cb6-9c68-3421a6da33f6,PLANSET-293.pdf,PLANSET-ID-293,https://blob.core.windows.net/client-docs/planset-293.pdf?sv=2023-01-03&sig=dummy293
294,REQ-6a9b2df3-b640-430d-afbd-9d12e88717ee,PLANSET-294.pdf,PLANSET-ID-294,https://blob.core.windows.net/client-docs/planset-294.pdf?sv=2023-01-03&sig=dummy294
295,REQ-98e687c9-934a-4da5-861c-e79436184014,PLANSET-295.pdf,PLANSET-ID-295,https://blob.core.windows.net/client-docs/planset-295.pdf?sv=2023-01-03&sig=dummy295
296,REQ-38bcd1ed-68c0-4eb6-a6a7-35d6789cca47,PLANSET-296.pdf,PLANSET-ID-296,https://blob.core.windows.net/client-docs/planset-296.pdf?sv=2023-01-03&sig=dummy296
297,REQ-4783a6e7-5690-4223-a7f5-6aaf82a7438d,PLANSET-297.pdf,PLANSET-ID-297,https://blob.core.windows.net/client-docs/planset-297.pdf?sv=2023-01-03&sig=dummy297
298,REQ-e790fa1b-670f-4609-ae25-1531fd348657,PLANSET-298.pdf,PLANSET-ID-298,https://blob.core.windows.net/client-docs/planset-298.pdf?sv=2023-01-03&sig=dummy298
299,REQ-8efbd39b-93f5-4e18-92e6-b81719f6fa38,PLANSET-299.pdf,PLANSET-ID-299,https://blob.core.windows.net/client-docs/planset-299.pdf?sv=2023-01-03&sig=dummy299
300,REQ-8f6ac917-ce87-4327-baf6-31fe60f850a7,PLANSET-300.pdf,PLANSET-ID-300,https://blob.core.windows.net/client-docs/planset-300.pdf?sv=2023-01-03&sig=dummy300
301,REQ-298fed67-5d7b-4dd9-99cd-051542d3dcd4,PLANSET-301.pdf,PLANSET-ID-301,https://blob.core.windows.net/client-docs/planset-301.pdf?sv=2023-01-03&sig=dummy301
302,REQ-a0f3b45d-a32a-4557-b0b3-80d27a93e5be,PLANSET-302.pdf,PLANSET-ID-302,https://blob.core.windows.net/client-docs/planset-302.pdf?sv=2023-01-03&sig=dummy302
303,REQ-bdae62c1-592f-4ba3-b7fe-1114bfde10b5,PLANSET-303.pdf,PLANSET-ID-303,https://blob.core.windows.net/client-docs/planset-303.pdf?sv=2023-01-03&sig=dummy303
304,REQ-335ca5b2-ccb7-40d6-a5f6-2a48c6c08d7d,PLANSET-304.pdf,PLANSET-ID-304,https://blob.core.windows.net/client-docs/planset-304.pdf?sv=2023-01-03&sig=dummy304
305,REQ-6c84b955-236c-4f39-aca4-1518dec46e6f,PLANSET-305.pdf,PLANSET-ID-305,https://blob.core.windows.net/client-docs/planset-305.pdf?sv=2023-01-03&sig=dummy305
306,REQ-d74303ba-f6a3-4ca7-88ca-0b59247488bd,PLANSET-306.pdf,PLANSET-ID-306,https://blob.core.windows.net/client-docs/planset-306.pdf?sv=2023-01-03&sig=dummy306
307,REQ-e79f8d80-53f6-4e94-aa25-87f84056ee60,PLANSET-307.pdf,PLANSET-ID-307,https://blob.core.windows.net/client-docs/planset-307.pdf?sv=2023-01-03&sig=dummy307
308,REQ-9b499f10-aa9a-423a-8546-42b5a12759b9,PLANSET-308.pdf,PLANSET-ID-308,https://blob.core.windows.net/client-docs/planset-308.pdf?sv=2023-01-03&sig=dummy308
309,REQ-c1dbb121-6d52-4e05-9bc6-8bc6a33cc9db,PLANSET-309.pdf,PLANSET-ID-309,https://blob.core.windows.net/client-docs/planset-309.pdf?sv=2023-01-03&sig=dummy309
310,REQ-eb05dfc8-1745-474f-a4d9-c10c9bcba879,PLANSET-310.pdf,PLANSET-ID-310,https://blob.core.windows.net/client-docs/planset-310.pdf?sv=2023-01-03&sig=dummy310
311,REQ-9f704c59-8ad1-45f4-a656-c780c52a8550,PLANSET-311.pdf,PLANSET-ID-311,https://blob.core.windows.net/client-docs/planset-311.pdf?sv=2023-01-03&sig=dummy311
312,REQ-2b8650f0-3432-44ff-9a5d-f2676241fc59,PLANSET-312.pdf,PLANSET-ID-312,https://blob.core.windows.net/client-docs/planset-312.pdf?sv=2023-01-03&sig=dummy312
313,REQ-3aac8cc8-698a-4771-8cbc-74a785e31d2a,PLANSET-313.pdf,PLANSET-ID-313,https://blob.core.windows.net/client-docs/planset-313.pdf?sv=2023-01-03&sig=dummy313
314,REQ-c0adad67-5e96-44c4-9026-58602f86d036,PLANSET-314.pdf,PLANSET-ID-314,https://blob.core.windows.net/client-docs/planset-314.pdf?sv=2023-01-03&sig=dummy314
315,REQ-5ac4aa42-0145-4e9b-a312-b6cd831f04f3,PLANSET-315.pdf,PLANSET-ID-315,https://blob.core.windows.net/client-docs/planset-315.pdf?sv=2023-01-03&sig=dummy315
316,REQ-ecac236a-8360-4139-aebe-97bee34d1344,PLANSET-316.pdf,PLANSET-ID-316,https://blob.core.windows.net/client-docs/planset-316.pdf?sv=2023-01-03&sig=dummy316
317,REQ-8db9d47d-f009-4175-8fc7-135bdca70236,PLANSET-317.pdf,PLANSET-ID-317,https://blob.core.windows.net/client-docs/planset-317.pdf?sv=2023-01-03&sig=dummy317
318,REQ-16d84d84-7acc-4fb8-838a-9cf53056a630,PLANSET-318.pdf,PLANSET-ID-318,https://blob.core.windows.net/client-docs/planset-318.pdf?sv=2023-01-03&sig=dummy318
319,REQ-704f8a1e-6571-4b94-be07-34cceb851325,PLANSET-319.pdf,PLANSET-ID-319,https://blob.core.windows.net/client-docs/planset-319.pdf?sv=2023-01-03&sig=dummy319
320,REQ-11514727-1ca2-45ff-ba91-2fd39e7972af,PLANSET-320.pdf,PLANSET-ID-320,https://blob.core.windows.net/client-docs/planset-320.pdf?sv=2023-01-03&sig=dummy320
321,REQ-a91321dd-88e9-4012-8e83-cdeec6653ac6,PLANSET-321.pdf,PLANSET-ID-321,https://blob.core.windows.net/client-docs/planset-321.pdf?sv=2023-01-03&sig=dummy321
322,REQ-45dcde53-8d58-4c2b-b41a-d90e7dc25894,PLANSET-322.pdf,PLANSET-ID-322,https://blob.core.windows.net/client-docs/planset-322.pdf?sv=2023-01-03&sig=dummy322
323,REQ-4367562d-bbcd-4e6c-85c2-7a1d782e02c6,PLANSET-323.pdf,PLANSET-ID-323,https://blob.core.windows.net/client-docs/planset-323.pdf?sv=2023-01-03&sig=dummy323
324,REQ-058388b2-9cc6-42ef-8e21-35a7c88874f7,PLANSET-324.pdf,PLANSET-ID-324,https://blob.core.windows.net/client-docs/planset-324.pdf?sv=2023-01-03&sig=dummy324
325,REQ-463fb706-9331-4172-9419-1b01fccc1312,PLANSET-325.pdf,PLANSET-ID-325,https://blob.core.windows.net/client-docs/planset-325.pdf?sv=2023-01-03&sig=dummy325
326,REQ-84c019a3-a23c-431e-91fd-090efc984bd1,PLANSET-326.pdf,PLANSET-ID-326,https://blob.core.windows.net/client-docs/planset-326.pdf?sv=2023-01-03&sig=dummy326
327,REQ-a6277069-eaba-4481-9d62-148ebfea685b,PLANSET-327.pdf,PLANSET-ID-327,https://blob.core.windows.net/client-docs/planset-327.pdf?sv=2023-01-03&sig=dummy327
328,REQ-6644d7dc-573f-4686-b3fe-0638978213c7,PLANSET-328.pdf,PLANSET-ID-328,https://blob.core.windows.net/client-docs/planset-328.pdf?sv=2023-01-03&sig=dummy328
329,REQ-2382484b-fb69-49ff-945c-2d7ee30c5c17,PLANSET-329.pdf,PLANSET-ID-329,https://blob.core.windows.net/client-docs/planset-329.pdf?sv=2023-01-03&sig=dummy329
330,REQ-3074c79e-2077-45a3-95a1-05480f73f605,PLANSET-330.pdf,PLANSET-ID-330,https://blob.core.windows.net/client-docs/planset-330.pdf?sv=2023-01-03&sig=dummy330
331,REQ-cba77a4e-b0bf-4919-9f61-79683f1c26f0,PLANSET-331.pdf,PLANSET-ID-331,https://blob.core.windows.net/client-docs/planset-331.pdf?sv=2023-01-03&sig=dummy331
332,REQ-3a909db3-475f-4a28-a3cb-da898e9e3ad0,PLANSET-332.pdf,PLANSET-ID-332,https://blob.core.windows.net/client-docs/planset-332.pdf?sv=2023-01-03&sig=dummy332
333,REQ-be91a6f7-ea76-4076-bf43-6914e17fd0cd,PLANSET-333.pdf,PLANSET-ID-333,https://blob.core.windows.net/client-docs/planset-333.pdf?sv=2023-01-03&sig=dummy333
334,REQ-6435667d-5740-4b14-9da7-31ae76312139,PLANSET-334.pdf,PLANSET-ID-334,https://blob.core.windows.net/client-docs/planset-334.pdf?sv=2023-01-03&sig=dummy334
335,REQ-3a4e2a4d-0f07-4933-87c6-6d5c9c942aa6,PLANSET-335.pdf,PLANSET-ID-335,https://blob.core.windows.net/client-docs/planset-335.pdf?sv=2023-01-03&sig=dummy335
336,REQ-aa908c42-e04c-4984-a700-f5fe9195369c,PLANSET-336.pdf,PLANSET-ID-336,https://blob.core.windows.net/client-docs/planset-336.pdf?sv=2023-01-03&sig=dummy336
337,REQ-6aeb3700-9b24-4425-b632-01aa443f2622,PLANSET-337.pdf,PLANSET-ID-337,https://blob.core.windows.net/client-docs/planset-337.pdf?sv=2023-01-03&sig=dummy337
338,REQ-27c74ab9-0e66-4f32-a646-cb14946a3eec,PLANSET-338.pdf,PLANSET-ID-338,https://blob.core.windows.net/client-docs/planset-338.pdf?sv=2023-01-03&sig=dummy338
339,REQ-0b341afa-8403-4aa5-b4f2-3596b43f8567,PLANSET-339.pdf,PLANSET-ID-339,https://blob.core.windows.net/client-docs/planset-339.pdf?sv=2023-01-03&sig=dummy339
340,REQ-dc5ddd6e-6e0c-4194-a2d3-2afb69294747,PLANSET-340.pdf,PLANSET-ID-340,https://blob.core.windows.net/client-docs/planset-340.pdf?sv=2023-01-03&sig=dummy340
341,REQ-a93a052b-6293-46ed-b8aa-608724c15eaf,PLANSET-341.pdf,PLANSET-ID-341,https://blob.core.windows.net/client-docs/planset-341.pdf?sv=2023-01-03&sig=dummy341
342,REQ-b75deff9-a4c2-43b5-893a-967bb4b928d7,PLANSET-342.pdf,PLANSET-ID-342,https://blob.core.windows.net/client-docs/planset-342.pdf?sv=2023-01-03&sig=dummy342
343,REQ-017276d5-f1aa-453d-ba3a-3d58fad96bfd,PLANSET-343.pdf,PLANSET-ID-343,https://blob.core.windows.net/client-docs/planset-343.pdf?sv=2023-01-03&sig=dummy343
344,REQ-b21d2662-309e-4690-a206-e58eee20eb9a,PLANSET-344.pdf,PLANSET-ID-344,https://blob.core.windows.net/client-docs/planset-344.pdf?sv=2023-01-03&sig=dummy344
345,REQ-4194a43c-079c-485a-8ecb-437a158b156f,PLANSET-345.pdf,PLANSET-ID-345,https://blob.core.windows.net/client-docs/planset-345.pdf?sv=2023-01-03&sig=dummy345
346,REQ-db0a9602-d324-477b-a083-d7fce8c4930b,PLANSET-346.pdf,PLANSET-ID-346,https://blob.core.windows.net/client-docs/planset-346.pdf?sv=2023-01-03&sig=dummy346
347,REQ-d699aaa8-f96c-477a-9a5c-c20e0c19f660,PLANSET-347.pdf,PLANSET-ID-347,https://blob.core.windows.net/client-docs/planset-347.pdf?sv=2023-01-03&sig=dummy347
348,REQ-d21ed739-e47c-4a52-8d3b-e36e41216174,PLANSET-348.pdf,PLANSET-ID-348,https://blob.core.windows.net/client-docs/planset-348.pdf?sv=2023-01-03&sig=dummy348
349,REQ-93d3e5f7-eaba-49ff-aaac-19b8934d7abd,PLANSET-349.pdf,PLANSET-ID-349,https://blob.core.windows.net/client-docs/planset-349.pdf?sv=2023-01-03&sig=dummy349
350,REQ-09967c97-3bba-4ea1-b695-987864b3d224,PLANSET-350.pdf,PLANSET-ID-350,https://blob.core.windows.net/client-docs/planset-350.pdf?sv=2023-01-03&sig=dummy350
351,REQ-89f65805-d619-4391-a19f-b4d9e053b27e,PLANSET-351.pdf,PLANSET-ID-351,https://blob.core.windows.net/client-docs/planset-351.pdf?sv=2023-01-03&sig=dummy351
352,REQ-7e67a2bc-c52b-4467-b13f-afc1dc06f5e1,PLANSET-352.pdf,PLANSET-ID-352,https://blob.core.windows.net/client-docs/planset-352.pdf?sv=2023-01-03&sig=dummy352
353,REQ-b4676298-9d54-418f-8be5-2afcffc0a433,PLANSET-353.pdf,PLANSET-ID-353,https://blob.core.windows.net/client-docs/planset-353.pdf?sv=2023-01-03&sig=dummy353
354,REQ-9893b7d2-6d42-4ae3-8713-6905ca4da902,PLANSET-354.pdf,PLANSET-ID-354,https://blob.core.windows.net/client-docs/planset-354.pdf?sv=2023-01-03&sig=dummy354
355,REQ-0ed04f13-fe81-4051-82af-9649936d4c1c,PLANSET-355.pdf,PLANSET-ID-355,https://blob.core.windows.net/client-docs/planset-355.pdf?sv=2023-01-03&sig=dummy355
356,REQ-927d9683-7b20-4316-b024-148621dfe3e7,PLANSET-356.pdf,PLANSET-ID-356,https://blob.core.windows.net/client-docs/planset-356.pdf?sv=2023-01-03&sig=dummy356
357,REQ-b5deb1a8-c0e3-4b74-b07e-a32db87f0d47,PLANSET-357.pdf,PLANSET-ID-357,https://blob.core.windows.net/client-docs/planset-357.pdf?sv=2023-01-03&sig=dummy357
358,REQ-afc5859d-d012-4248-a8fa-9e48725c2f11,PLANSET-358.pdf,PLANSET-ID-358,https://blob.core.windows.net/client-docs/planset-358.pdf?sv=2023-01-03&sig=dummy358
359,REQ-495e366c-0beb-4b3b-9be0-6e9e58f13eb2,PLANSET-359.pdf,PLANSET-ID-359,https://blob.core.windows.net/client-docs/planset-359.pdf?sv=2023-01-03&sig=dummy359
360,REQ-c7b0707f-c19c-41a6-ac3a-d819ef4197f6,PLANSET-360.pdf,PLANSET-ID-360,https://blob.core.windows.net/client-docs/planset-360.pdf?sv=2023-01-03&sig=dummy360
361,REQ-0646f993-ccdf-4948-bcc1-761dd31faa99,PLANSET-361.pdf,PLANSET-ID-361,https://blob.core.windows.net/client-docs/planset-361.pdf?sv=2023-01-03&sig=dummy361
362,REQ-a439c474-1cc3-4de1-9e33-3ae3bc842ee2,PLANSET-362.pdf,PLANSET-ID-362,https://blob.core.windows.net/client-docs/planset-362.pdf?sv=2023-01-03&sig=dummy362
363,REQ-653a0829-ac37-4b27-80a8-e7c09b03c561,PLANSET-363.pdf,PLANSET-ID-363,https://blob.core.windows.net/client-docs/planset-363.pdf?sv=2023-01-03&sig=dummy363
364,REQ-026f0682-fd84-44e3-9439-ba92cf810323,PLANSET-364.pdf,PLANSET-ID-364,https://blob.core.windows.net/client-docs/planset-364.pdf?sv=2023-01-03&sig=dummy364
365,REQ-362184c7-a2ea-49a0-8f94-e44a681aca74,PLANSET-365.pdf,PLANSET-ID-365,https://blob.core.windows.net/client-docs/planset-365.pdf?sv=2023-01-03&sig=dummy365
366,REQ-df9fc8b4-016f-4ee5-a879-0b9d2d05a545,PLANSET-366.pdf,PLANSET-ID-366,https://blob.core.windows.net/client-docs/planset-366.pdf?sv=2023-01-03&sig=dummy366
367,REQ-d94722ac-a1c4-4d90-96e8-72432ca89498,PLANSET-367.pdf,PLANSET-ID-367,https://blob.core.windows.net/client-docs/planset-367.pdf?sv=2023-01-03&sig=dummy367
368,REQ-34b51311-c71e-4af2-9b8d-1f12381edc77,PLANSET-368.pdf,PLANSET-ID-368,https://blob.core.windows.net/client-docs/planset-368.pdf?sv=2023-01-03&sig=dummy368
369,REQ-fe9d611a-7cdd-4917-9e8a-bf0f9d669bc4,PLANSET-369.pdf,PLANSET-ID-369,https://blob.core.windows.net/client-docs/planset-369.pdf?sv=2023-01-03&sig=dummy369
370,REQ-9e3b817e-0ac6-48b3-91c4-86953c88b7da,PLANSET-370.pdf,PLANSET-ID-370,https://blob.core.windows.net/client-docs/planset-370.pdf?sv=2023-01-03&sig=dummy370
371,REQ-c0c1bcec-9010-45a3-b793-e0b53cc4ecdc,PLANSET-371.pdf,PLANSET-ID-371,https://blob.core.windows.net/client-docs/planset-371.pdf?sv=2023-01-03&sig=dummy371
372,REQ-58a3b0d0-5fb2-43f5-8276-222d6e2d1a7f,PLANSET-372.pdf,PLANSET-ID-372,https://blob.core.windows.net/client-docs/planset-372.pdf?sv=2023-01-03&sig=dummy372
373,REQ-a93a075e-ba20-4f7d-8324-b31f0bbb9a6c,PLANSET-373.pdf,PLANSET-ID-373,https://blob.core.windows.net/client-docs/planset-373.pdf?sv=2023-01-03&sig=dummy373
374,REQ-480ce28c-71f3-44ee-852a-87273c2556f2,PLANSET-374.pdf,PLANSET-ID-374,https://blob.core.windows.net/client-docs/planset-374.pdf?sv=2023-01-03&sig=dummy374
375,REQ-d4a0afbf-eabe-48b9-8942-a5ae8a5a5946,PLANSET-375.pdf,PLANSET-ID-375,https://blob.core.windows.net/client-docs/planset-375.pdf?sv=2023-01-03&sig=dummy375
376,REQ-c17daafd-8903-4b11-b228-1244bf1fa16a,PLANSET-376.pdf,PLANSET-ID-376,https://blob.core.windows.net/client-docs/planset-376.pdf?sv=2023-01-03&sig=dummy376
377,REQ-1fc90a4f-b2ed-4d0b-b7df-92385ecb6fab,PLANSET-377.pdf,PLANSET-ID-377,https://blob.core.windows.net/client-docs/planset-377.pdf?sv=2023-01-03&sig=dummy377
378,REQ-e0cd93ef-c6ea-4b82-9682-a52ca700e476,PLANSET-378.pdf,PLANSET-ID-378,https://blob.core.windows.net/client-docs/planset-378.pdf?sv=2023-01-03&sig=dummy378
379,REQ-ef62e702-2c41-4e79-a9ae-06c893c73c62,PLANSET-379.pdf,PLANSET-ID-379,https://blob.core.windows.net/client-docs/planset-379.pdf?sv=2023-01-03&sig=dummy379
380,REQ-d14dd564-0caf-41a9-92ce-9794f96e4115,PLANSET-380.pdf,PLANSET-ID-380,https://blob.core.windows.net/client-docs/planset-380.pdf?sv=2023-01-03&sig=dummy380
381,REQ-013e15d2-9722-4707-8a96-e26a89bfea73,PLANSET-381.pdf,PLANSET-ID-381,https://blob.core.windows.net/client-docs/planset-381.pdf?sv=2023-01-03&sig=dummy381
382,REQ-92ff69e2-e90f-4576-a154-80ef82a2ce09,PLANSET-382.pdf,PLANSET-ID-382,https://blob.core.windows.net/client-docs/planset-382.pdf?sv=2023-01-03&sig=dummy382
383,REQ-112654e8-cd5f-4cfb-ad9c-3b97d70a9d17,PLANSET-383.pdf,PLANSET-ID-383,https://blob.core.windows.net/client-docs/planset-383.pdf?sv=2023-01-03&sig=dummy383
384,REQ-d0b27c0f-446f-444b-a6a7-32a06e3a5abe,PLANSET-384.pdf,PLANSET-ID-384,https://blob.core.windows.net/client-docs/planset-384.pdf?sv=2023-01-03&sig=dummy384
385,REQ-96ce76ac-a8f3-47a8-a822-d9c04b2edffe,PLANSET-385.pdf,PLANSET-ID-385,https://blob.core.windows.net/client-docs/planset-385.pdf?sv=2023-01-03&sig=dummy385
386,REQ-025cedcf-947f-479e-8fb1-23df31940061,PLANSET-386.pdf,PLANSET-ID-386,https://blob.core.windows.net/client-docs/planset-386.pdf?sv=2023-01-03&sig=dummy386
387,REQ-8657896e-05a4-4d0c-8043-431fb2c412c7,PLANSET-387.pdf,PLANSET-ID-387,https://blob.core.windows.net/client-docs/planset-387.pdf?sv=2023-01-03&sig=dummy387
388,REQ-299f154f-799f-4897-8774-d004c86e18cd,PLANSET-388.pdf,PLANSET-ID-388,https://blob.core.windows.net/client-docs/planset-388.pdf?sv=2023-01-03&sig=dummy388
389,REQ-f1326c57-7aa5-4b5b-8670-0866e3b816cf,PLANSET-389.pdf,PLANSET-ID-389,https://blob.core.windows.net/client-docs/planset-389.pdf?sv=2023-01-03&sig=dummy389
390,REQ-afadfc29-8594-4015-a207-350ee06c7b83,PLANSET-390.pdf,PLANSET-ID-390,https://blob.core.windows.net/client-docs/planset-390.pdf?sv=2023-01-03&sig=dummy390
391,REQ-c6155f83-9aec-4550-b369-d400f57b7be3,PLANSET-391.pdf,PLANSET-ID-391,https://blob.core.windows.net/client-docs/planset-391.pdf?sv=2023-01-03&sig=dummy391
392,REQ-ea5916f8-d226-4046-97e5-428ffedec284,PLANSET-392.pdf,PLANSET-ID-392,https://blob.core.windows.net/client-docs/planset-392.pdf?sv=2023-01-03&sig=dummy392
393,REQ-877db61a-79a8-41a1-a87a-5c3addb74709,PLANSET-393.pdf,PLANSET-ID-393,https://blob.core.windows.net/client-docs/planset-393.pdf?sv=2023-01-03&sig=dummy393
394,REQ-317e6173-d9ab-411b-8b16-5f694128208d,PLANSET-394.pdf,PLANSET-ID-394,https://blob.core.windows.net/client-docs/planset-394.pdf?sv=2023-01-03&sig=dummy394
395,REQ-ed630bac-ec30-4e6f-9833-f7a2a2583a3c,PLANSET-395.pdf,PLANSET-ID-395,https://blob.core.windows.net/client-docs/planset-395.pdf?sv=2023-01-03&sig=dummy395
396,REQ-afbfd0fc-be64-4834-bcdb-e902d365a185,PLANSET-396.pdf,PLANSET-ID-396,https://blob.core.windows.net/client-docs/planset-396.pdf?sv=2023-01-03&sig=dummy396
397,REQ-ccc7a41a-4f52-4934-bd0c-c481e632a27b,PLANSET-397.pdf,PLANSET-ID-397,https://blob.core.windows.net/client-docs/planset-397.pdf?sv=2023-01-03&sig=dummy397
398,REQ-94ff8251-2e45-4d6e-8b3a-36f72aa09167,PLANSET-398.pdf,PLANSET-ID-398,https://blob.core.windows.net/client-docs/planset-398.pdf?sv=2023-01-03&sig=dummy398
399,REQ-5f72c6f3-a07b-4336-befa-99522e1afda2,PLANSET-399.pdf,PLANSET-ID-399,https://blob.core.windows.net/client-docs/planset-399.pdf?sv=2023-01-03&sig=dummy399
400,REQ-242e0807-92ff-44a2-a208-d108c070b491,PLANSET-400.pdf,PLANSET-ID-400,https://blob.core.windows.net/client-docs/planset-400.pdf?sv=2023-01-03&sig=dummy400
401,REQ-3f811859-b2dd-432a-ae15-48b4ee095805,PLANSET-401.pdf,PLANSET-ID-401,https://blob.core.windows.net/client-docs/planset-401.pdf?sv=2023-01-03&sig=dummy401
402,REQ-d4f66943-77cf-47b2-8af7-3b05ff46fef1,PLANSET-402.pdf,PLANSET-ID-402,https://blob.core.windows.net/client-docs/planset-402.pdf?sv=2023-01-03&sig=dummy402
403,REQ-9e4acc54-d2bc-4f85-bbbf-c19c06212fa1,PLANSET-403.pdf,PLANSET-ID-403,https://blob.core.windows.net/client-docs/planset-403.pdf?sv=2023-01-03&sig=dummy403
404,REQ-20aaeaac-409b-4874-864b-757034297214,PLANSET-404.pdf,PLANSET-ID-404,https://blob.core.windows.net/client-docs/planset-404.pdf?sv=2023-01-03&sig=dummy404
405,REQ-68528a95-2904-4f39-b2e2-e4e6b05cf61e,PLANSET-405.pdf,PLANSET-ID-405,https://blob.core.windows.net/client-docs/planset-405.pdf?sv=2023-01-03&sig=dummy405
406,REQ-2bbaf556-4f69-4958-a5bb-0fb75cd59c0d,PLANSET-406.pdf,PLANSET-ID-406,https://blob.core.windows.net/client-docs/planset-406.pdf?sv=2023-01-03&sig=dummy406
407,REQ-eaacc8be-99dc-4f20-a30d-6a55f17ac496,PLANSET-407.pdf,PLANSET-ID-407,https://blob.core.windows.net/client-docs/planset-407.pdf?sv=2023-01-03&sig=dummy407
408,REQ-d000f96e-268b-40ae-8b18-3c5518ccebe2,PLANSET-408.pdf,PLANSET-ID-408,https://blob.core.windows.net/client-docs/planset-408.pdf?sv=2023-01-03&sig=dummy408
409,REQ-ac76036e-04b1-4646-b122-c240272fb6bc,PLANSET-409.pdf,PLANSET-ID-409,https://blob.core.windows.net/client-docs/planset-409.pdf?sv=2023-01-03&sig=dummy409
410,REQ-3661ddbe-d08d-4d21-92ea-a6b9b1edef92,PLANSET-410.pdf,PLANSET-ID-410,https://blob.core.windows.net/client-docs/planset-410.pdf?sv=2023-01-03&sig=dummy410
411,REQ-3358281d-ea27-4f15-af99-e8638bdaf826,PLANSET-411.pdf,PLANSET-ID-411,https://blob.core.windows.net/client-docs/planset-411.pdf?sv=2023-01-03&sig=dummy411
412,REQ-b8584bf9-b04c-421f-85ea-cea795d7e66b,PLANSET-412.pdf,PLANSET-ID-412,https://blob.core.windows.net/client-docs/planset-412.pdf?sv=2023-01-03&sig=dummy412
413,REQ-6ca435a0-d14c-4584-8a2f-674c632d26f6,PLANSET-413.pdf,PLANSET-ID-413,https://blob.core.windows.net/client-docs/planset-413.pdf?sv=2023-01-03&sig=dummy413
414,REQ-ef1c306c-fe3a-4442-9081-af4bdcdc329c,PLANSET-414.pdf,PLANSET-ID-414,https://blob.core.windows.net/client-docs/planset-414.pdf?sv=2023-01-03&sig=dummy414
415,REQ-ab82e6ca-30d0-4d78-bfd0-22a675a47000,PLANSET-415.pdf,PLANSET-ID-415,https://blob.core.windows.net/client-docs/planset-415.pdf?sv=2023-01-03&sig=dummy415
416,REQ-ba18d74e-0d8f-41b1-ab95-449dd087c79d,PLANSET-416.pdf,PLANSET-ID-416,https://blob.core.windows.net/client-docs/planset-416.pdf?sv=2023-01-03&sig=dummy416
417,REQ-3143df29-3e38-42dd-8d66-6a34f96d9291,PLANSET-417.pdf,PLANSET-ID-417,https://blob.core.windows.net/client-docs/planset-417.pdf?sv=2023-01-03&sig=dummy417
418,REQ-9d7ef8c2-bfb1-4923-94b7-c55e57b8f0f3,PLANSET-418.pdf,PLANSET-ID-418,https://blob.core.windows.net/client-docs/planset-418.pdf?sv=2023-01-03&sig=dummy418
419,REQ-4d92491c-f58d-4a10-88ae-be3631af499d,PLANSET-419.pdf,PLANSET-ID-419,https://blob.core.windows.net/client-docs/planset-419.pdf?sv=2023-01-03&sig=dummy419
420,REQ-81ec8690-4e4a-47d9-ab18-7c449fd74110,PLANSET-420.pdf,PLANSET-ID-420,https://blob.core.windows.net/client-docs/planset-420.pdf?sv=2023-01-03&sig=dummy420
421,REQ-60f1342b-ba4a-4392-90f2-c7b53924ab78,PLANSET-421.pdf,PLANSET-ID-421,https://blob.core.windows.net/client-docs/planset-421.pdf?sv=2023-01-03&sig=dummy421
422,REQ-23d6ed35-95bb-4598-b63c-0050880fd634,PLANSET-422.pdf,PLANSET-ID-422,https://blob.core.windows.net/client-docs/planset-422.pdf?sv=2023-01-03&sig=dummy422
423,REQ-9eaa27f2-90b9-44f7-bbc7-12514836c63d,PLANSET-423.pdf,PLANSET-ID-423,https://blob.core.windows.net/client-docs/planset-423.pdf?sv=2023-01-03&sig=dummy423
424,REQ-f1163771-2cae-4eb2-9141-3175d0e5141e,PLANSET-424.pdf,PLANSET-ID-424,https://blob.core.windows.net/client-docs/planset-424.pdf?sv=2023-01-03&sig=dummy424
425,REQ-259cf8ad-6801-4fbe-a79f-1cebcaf99264,PLANSET-425.pdf,PLANSET-ID-425,https://blob.core.windows.net/client-docs/planset-425.pdf?sv=2023-01-03&sig=dummy425
426,REQ-c93814e9-ae7f-4bf8-a013-3bb3241721ef,PLANSET-426.pdf,PLANSET-ID-426,https://blob.core.windows.net/client-docs/planset-426.pdf?sv=2023-01-03&sig=dummy426
427,REQ-55e7587f-35b4-4db7-9ebf-8f65eb9373cb,PLANSET-427.pdf,PLANSET-ID-427,https://blob.core.windows.net/client-docs/planset-427.pdf?sv=2023-01-03&sig=dummy427
428,REQ-c6df4313-7b5e-4f05-b51e-dbb2d5456afd,PLANSET-428.pdf,PLANSET-ID-428,https://blob.core.windows.net/client-docs/planset-428.pdf?sv=2023-01-03&sig=dummy428
429,REQ-27a80e63-02d5-4f87-8b4c-cc9a3faedefe,PLANSET-429.pdf,PLANSET-ID-429,https://blob.core.windows.net/client-docs/planset-429.pdf?sv=2023-01-03&sig=dummy429
430,REQ-29841d43-c006-4ae4-974c-2b5d403681f6,PLANSET-430.pdf,PLANSET-ID-430,https://blob.core.windows.net/client-docs/planset-430.pdf?sv=2023-01-03&sig=dummy430
431,REQ-82916d06-978d-4420-8482-0b34e2ffc9db,PLANSET-431.pdf,PLANSET-ID-431,https://blob.core.windows.net/client-docs/planset-431.pdf?sv=2023-01-03&sig=dummy431
432,REQ-b13be179-d16f-470a-9295-f78373ee8b1a,PLANSET-432.pdf,PLANSET-ID-432,https://blob.core.windows.net/client-docs/planset-432.pdf?sv=2023-01-03&sig=dummy432
433,REQ-8977df75-cd7a-4074-8859-a07222f2e749,PLANSET-433.pdf,PLANSET-ID-433,https://blob.core.windows.net/client-docs/planset-433.pdf?sv=2023-01-03&sig=dummy433
434,REQ-95a7edcd-f80d-48e3-8370-0a8116d60211,PLANSET-434.pdf,PLANSET-ID-434,https://blob.core.windows.net/client-docs/planset-434.pdf?sv=2023-01-03&sig=dummy434
435,REQ-7599ce17-8a69-4284-bd19-0c61a704ae0e,PLANSET-435.pdf,PLANSET-ID-435,https://blob.core.windows.net/client-docs/planset-435.pdf?sv=2023-01-03&sig=dummy435
436,REQ-7e0e6d32-fb1d-4463-aa59-1e47a1f8e58c,PLANSET-436.pdf,PLANSET-ID-436,https://blob.core.windows.net/client-docs/planset-436.pdf?sv=2023-01-03&sig=dummy436
437,REQ-692b1d3e-debb-478b-aeff-0d5f1dcb4432,PLANSET-437.pdf,PLANSET-ID-437,https://blob.core.windows.net/client-docs/planset-437.pdf?sv=2023-01-03&sig=dummy437
438,REQ-6f1a8f30-2413-4291-a324-4e40c32dec56,PLANSET-438.pdf,PLANSET-ID-438,https://blob.core.windows.net/client-docs/planset-438.pdf?sv=2023-01-03&sig=dummy438
439,REQ-3caf38b3-db36-41c5-905e-a3e30c380c35,PLANSET-439.pdf,PLANSET-ID-439,https://blob.core.windows.net/client-docs/planset-439.pdf?sv=2023-01-03&sig=dummy439
440,REQ-b9002366-c3de-43a7-8b07-dd82b1c7fa14,PLANSET-440.pdf,PLANSET-ID-440,https://blob.core.windows.net/client-docs/planset-440.pdf?sv=2023-01-03&sig=dummy440
441,REQ-319f2f2d-9f71-4d26-8734-e7067d1587c1,PLANSET-441.pdf,PLANSET-ID-441,https://blob.core.windows.net/client-docs/planset-441.pdf?sv=2023-01-03&sig=dummy441
442,REQ-8e154270-72cf-40f9-ae0d-0da44e54adcd,PLANSET-442.pdf,PLANSET-ID-442,https://blob.core.windows.net/client-docs/planset-442.pdf?sv=2023-01-03&sig=dummy442
443,REQ-f5d6219b-5b18-48fa-aafa-365f5dd326eb,PLANSET-443.pdf,PLANSET-ID-443,https://blob.core.windows.net/client-docs/planset-443.pdf?sv=2023-01-03&sig=dummy443
444,REQ-b7ec1cf1-0f46-4c9c-b2e9-8ebc8192dbfa,PLANSET-444.pdf,PLANSET-ID-444,https://blob.core.windows.net/client-docs/planset-444.pdf?sv=2023-01-03&sig=dummy444
445,REQ-5c5d4808-71c3-48f1-9471-a57fd5aecb1d,PLANSET-445.pdf,PLANSET-ID-445,https://blob.core.windows.net/client-docs/planset-445.pdf?sv=2023-01-03&sig=dummy445
446,REQ-a3060980-cd0b-42b8-8de0-734122822992,PLANSET-446.pdf,PLANSET-ID-446,https://blob.core.windows.net/client-docs/planset-446.pdf?sv=2023-01-03&sig=dummy446
447,REQ-1bf87880-f6be-4b51-b8b6-62bf65d4651a,PLANSET-447.pdf,PLANSET-ID-447,https://blob.core.windows.net/client-docs/planset-447.pdf?sv=2023-01-03&sig=dummy447
448,REQ-55baf36d-8676-42b2-a981-1d856f533218,PLANSET-448.pdf,PLANSET-ID-448,https://blob.core.windows.net/client-docs/planset-448.pdf?sv=2023-01-03&sig=dummy448
449,REQ-d831851c-13df-4bb3-8bbc-792c45afce4c,PLANSET-449.pdf,PLANSET-ID-449,https://blob.core.windows.net/client-docs/planset-449.pdf?sv=2023-01-03&sig=dummy449
450,REQ-248b6fbc-bd57-40a1-8cd7-fd708c90e915,PLANSET-450.pdf,PLANSET-ID-450,https://blob.core.windows.net/client-docs/planset-450.pdf?sv=2023-01-03&sig=dummy450
451,REQ-2eec6224-30a8-4c97-b01e-9d7fdfafbab5,PLANSET-451.pdf,PLANSET-ID-451,https://blob.core.windows.net/client-docs/planset-451.pdf?sv=2023-01-03&sig=dummy451
452,REQ-b9aa7b6f-4a66-43bf-86a7-8504c768d857,PLANSET-452.pdf,PLANSET-ID-452,https://blob.core.windows.net/client-docs/planset-452.pdf?sv=2023-01-03&sig=dummy452
453,REQ-99510135-fae4-4be7-a376-65c81553be72,PLANSET-453.pdf,PLANSET-ID-453,https://blob.core.windows.net/client-docs/planset-453.pdf?sv=2023-01-03&sig=dummy453
454,REQ-44c97891-49f3-4de0-a5ad-32693112d73a,PLANSET-454.pdf,PLANSET-ID-454,https://blob.core.windows.net/client-docs/planset-454.pdf?sv=2023-01-03&sig=dummy454
455,REQ-17ccb14b-1065-425d-934e-0f6f929e4adf,PLANSET-455.pdf,PLANSET-ID-455,https://blob.core.windows.net/client-docs/planset-455.pdf?sv=2023-01-03&sig=dummy455
456,REQ-92f75bd3-785c-4372-b291-1e55d0c950c8,PLANSET-456.pdf,PLANSET-ID-456,https://blob.core.windows.net/client-docs/planset-456.pdf?sv=2023-01-03&sig=dummy456
457,REQ-358576e2-8e28-462a-8696-d5a664f9f11f,PLANSET-457.pdf,PLANSET-ID-457,https://blob.core.windows.net/client-docs/planset-457.pdf?sv=2023-01-03&sig=dummy457
458,REQ-50994ac5-f799-46a2-a31a-d547603ec4fe,PLANSET-458.pdf,PLANSET-ID-458,https://blob.core.windows.net/client-docs/planset-458.pdf?sv=2023-01-03&sig=dummy458
459,REQ-05ed8451-8d2a-442d-9819-447f4d15c445,PLANSET-459.pdf,PLANSET-ID-459,https://blob.core.windows.net/client-docs/planset-459.pdf?sv=2023-01-03&sig=dummy459
460,REQ-79737abb-362e-47fd-96e0-ea991a855c0e,PLANSET-460.pdf,PLANSET-ID-460,https://blob.core.windows.net/client-docs/planset-460.pdf?sv=2023-01-03&sig=dummy460
461,REQ-8ffb450d-054a-4d46-acf3-02c1f2adef99,PLANSET-461.pdf,PLANSET-ID-461,https://blob.core.windows.net/client-docs/planset-461.pdf?sv=2023-01-03&sig=dummy461
462,REQ-aeed6db4-22fd-4980-a634-59a049172554,PLANSET-462.pdf,PLANSET-ID-462,https://blob.core.windows.net/client-docs/planset-462.pdf?sv=2023-01-03&sig=dummy462
463,REQ-8f6b0381-3a76-44c6-a196-1c8fc115d8bf,PLANSET-463.pdf,PLANSET-ID-463,https://blob.core.windows.net/client-docs/planset-463.pdf?sv=2023-01-03&sig=dummy463
464,REQ-6ba187de-580a-4d9a-97e6-9443dd67af78,PLANSET-464.pdf,PLANSET-ID-464,https://blob.core.windows.net/client-docs/planset-464.pdf?sv=2023-01-03&sig=dummy464
465,REQ-bfa897e7-c8f1-4bfa-8303-31ab9b5a24e9,PLANSET-465.pdf,PLANSET-ID-465,https://blob.core.windows.net/client-docs/planset-465.pdf?sv=2023-01-03&sig=dummy465
466,REQ-b50ccc25-93db-4517-a761-561c3cfb180c,PLANSET-466.pdf,PLANSET-ID-466,https://blob.core.windows.net/client-docs/planset-466.pdf?sv=2023-01-03&sig=dummy466
467,REQ-0ee0f4b5-66ba-45a2-b232-a4429efe21c4,PLANSET-467.pdf,PLANSET-ID-467,https://blob.core.windows.net/client-docs/planset-467.pdf?sv=2023-01-03&sig=dummy467
468,REQ-02e447d3-5d88-4008-a15c-7d34809e7a4f,PLANSET-468.pdf,PLANSET-ID-468,https://blob.core.windows.net/client-docs/planset-468.pdf?sv=2023-01-03&sig=dummy468
469,REQ-9c04f3f9-21ba-4cda-8bda-42b9c74f5baa,PLANSET-469.pdf,PLANSET-ID-469,https://blob.core.windows.net/client-docs/planset-469.pdf?sv=2023-01-03&sig=dummy469
470,REQ-6d03b939-ca01-44d6-b6a4-4edf72edf391,PLANSET-470.pdf,PLANSET-ID-470,https://blob.core.windows.net/client-docs/planset-470.pdf?sv=2023-01-03&sig=dummy470
471,REQ-7d8449ff-aa2b-42ec-8959-2f8243cfbf5c,PLANSET-471.pdf,PLANSET-ID-471,https://blob.core.windows.net/client-docs/planset-471.pdf?sv=2023-01-03&sig=dummy471
472,REQ-95709a40-f8e4-407c-a279-0f9420033d9b,PLANSET-472.pdf,PLANSET-ID-472,https://blob.core.windows.net/client-docs/planset-472.pdf?sv=2023-01-03&sig=dummy472
473,REQ-5ce9ba14-1e59-45af-9c70-900666faf428,PLANSET-473.pdf,PLANSET-ID-473,https://blob.core.windows.net/client-docs/planset-473.pdf?sv=2023-01-03&sig=dummy473
474,REQ-45981da3-951d-4fc5-9609-aaa08e951511,PLANSET-474.pdf,PLANSET-ID-474,https://blob.core.windows.net/client-docs/planset-474.pdf?sv=2023-01-03&sig=dummy474
475,REQ-c4a12617-7bba-4ced-a597-0d5d515a6302,PLANSET-475.pdf,PLANSET-ID-475,https://blob.core.windows.net/client-docs/planset-475.pdf?sv=2023-01-03&sig=dummy475
476,REQ-69a7c5f1-929a-4427-aae8-cf5aacc3ff67,PLANSET-476.pdf,PLANSET-ID-476,https://blob.core.windows.net/client-docs/planset-476.pdf?sv=2023-01-03&sig=dummy476
477,REQ-1b6003a0-70be-4004-b190-4696dffbed81,PLANSET-477.pdf,PLANSET-ID-477,https://blob.core.windows.net/client-docs/planset-477.pdf?sv=2023-01-03&sig=dummy477
478,REQ-14c1d6aa-e26c-4efe-9838-911bd2f4e5b5,PLANSET-478.pdf,PLANSET-ID-478,https://blob.core.windows.net/client-docs/planset-478.pdf?sv=2023-01-03&sig=dummy478
479,REQ-0ab60282-2a66-4700-8a38-a88a450fc65f,PLANSET-479.pdf,PLANSET-ID-479,https://blob.core.windows.net/client-docs/planset-479.pdf?sv=2023-01-03&sig=dummy479
480,REQ-cfe36b53-88ce-4843-b622-5f1bce4d1642,PLANSET-480.pdf,PLANSET-ID-480,https://blob.core.windows.net/client-docs/planset-480.pdf?sv=2023-01-03&sig=dummy480
481,REQ-bc6cf348-a061-453b-bae4-2f179b53869a,PLANSET-481.pdf,PLANSET-ID-481,https://blob.core.windows.net/client-docs/planset-481.pdf?sv=2023-01-03&sig=dummy481
482,REQ-16972494-d4d5-4f9a-93e3-a1d975d56e69,PLANSET-482.pdf,PLANSET-ID-482,https://blob.core.windows.net/client-docs/planset-482.pdf?sv=2023-01-03&sig=dummy482
483,REQ-26fb24a4-3999-4f67-b32f-cf9a9bec5b59,PLANSET-483.pdf,PLANSET-ID-483,https://blob.core.windows.net/client-docs/planset-483.pdf?sv=2023-01-03&sig=dummy483
484,REQ-f6b225e3-72ea-4f62-a827-b0fe9dc986e6,PLANSET-484.pdf,PLANSET-ID-484,https://blob.core.windows.net/client-docs/planset-484.pdf?sv=2023-01-03&sig=dummy484
485,REQ-be0dbc82-8c9c-4126-9bbf-39b8be767cbe,PLANSET-485.pdf,PLANSET-ID-485,https://blob.core.windows.net/client-docs/planset-485.pdf?sv=2023-01-03&sig=dummy485
486,REQ-ad77a16e-b43d-481b-a1f0-7f5e529ee64d,PLANSET-486.pdf,PLANSET-ID-486,https://blob.core.windows.net/client-docs/planset-486.pdf?sv=2023-01-03&sig=dummy486
487,REQ-169472cc-d35c-42a9-970a-21f3ac8ad35e,PLANSET-487.pdf,PLANSET-ID-487,https://blob.core.windows.net/client-docs/planset-487.pdf?sv=2023-01-03&sig=dummy487
488,REQ-ec6a0025-a52e-41c0-9450-3894efa98c15,PLANSET-488.pdf,PLANSET-ID-488,https://blob.core.windows.net/client-docs/planset-488.pdf?sv=2023-01-03&sig=dummy488
489,REQ-095513ef-7652-4ba3-8213-49530f38f1f0,PLANSET-489.pdf,PLANSET-ID-489,https://blob.core.windows.net/client-docs/planset-489.pdf?sv=2023-01-03&sig=dummy489
490,REQ-e3f7dd86-87bc-4ff5-9c8d-8bfe86bf55a6,PLANSET-490.pdf,PLANSET-ID-490,https://blob.core.windows.net/client-docs/planset-490.pdf?sv=2023-01-03&sig=dummy490
491,REQ-ff5e251d-cf4c-43fe-9f03-e72bcca6be3b,PLANSET-491.pdf,PLANSET-ID-491,https://blob.core.windows.net/client-docs/planset-491.pdf?sv=2023-01-03&sig=dummy491
492,REQ-962f4f67-a2f1-498e-9764-4e9f3e5ac97a,PLANSET-492.pdf,PLANSET-ID-492,https://blob.core.windows.net/client-docs/planset-492.pdf?sv=2023-01-03&sig=dummy492
493,REQ-6b276670-f1a0-4293-9f3e-25134aaf9b62,PLANSET-493.pdf,PLANSET-ID-493,https://blob.core.windows.net/client-docs/planset-493.pdf?sv=2023-01-03&sig=dummy493
494,REQ-bf4df48f-d956-4ff1-903b-45dafbc2fe6f,PLANSET-494.pdf,PLANSET-ID-494,https://blob.core.windows.net/client-docs/planset-494.pdf?sv=2023-01-03&sig=dummy494
495,REQ-78969319-c0e5-4f12-95b4-6bdc673ab0e1,PLANSET-495.pdf,PLANSET-ID-495,https://blob.core.windows.net/client-docs/planset-495.pdf?sv=2023-01-03&sig=dummy495
496,REQ-4a0b3daf-914e-4e8d-aabc-aed7ad8c3185,PLANSET-496.pdf,PLANSET-ID-496,https://blob.core.windows.net/client-docs/planset-496.pdf?sv=2023-01-03&sig=dummy496
497,REQ-ba3a2424-7ea5-4b00-9fd7-3435e0916126,PLANSET-497.pdf,PLANSET-ID-497,https://blob.core.windows.net/client-docs/planset-497.pdf?sv=2023-01-03&sig=dummy497
498,REQ-ca29c151-1baa-45c0-9ecd-fe97b020b5ce,PLANSET-498.pdf,PLANSET-ID-498,https://blob.core.windows.net/client-docs/planset-498.pdf?sv=2023-01-03&sig=dummy498
499,REQ-1d204280-3d61-4f0a-b288-9e2a1c4124af,PLANSET-499.pdf,PLANSET-ID-499,https://blob.core.windows.net/client-docs/planset-499.pdf?sv=2023-01-03&sig=dummy499
500,REQ-e8e36bdf-ac27-4a08-9544-c6b56c9d20d8,PLANSET-500.pdf,PLANSET-ID-500,https://blob.core.windows.net/client-docs/planset-500.pdf?sv=2023-01-03&sig=dummy500
501,REQ-c27b4f97-7296-4dfa-91e9-ae004ef954ee,PLANSET-501.pdf,PLANSET-ID-501,https://blob.core.windows.net/client-docs/planset-501.pdf?sv=2023-01-03&sig=dummy501
502,REQ-ad07393e-8d3a-4267-9ed4-cd1a574d99c4,PLANSET-502.pdf,PLANSET-ID-502,https://blob.core.windows.net/client-docs/planset-502.pdf?sv=2023-01-03&sig=dummy502
503,REQ-1ecfbd9f-3dc1-4258-ac1b-8858b2decec7,PLANSET-503.pdf,PLANSET-ID-503,https://blob.core.windows.net/client-docs/planset-503.pdf?sv=2023-01-03&sig=dummy503
504,REQ-153c57a6-b998-4def-b872-30173357ce7f,PLANSET-504.pdf,PLANSET-ID-504,https://blob.core.windows.net/client-docs/planset-504.pdf?sv=2023-01-03&sig=dummy504
505,REQ-bb00d783-d1b1-479b-af18-b2ae4a0f182b,PLANSET-505.pdf,PLANSET-ID-505,https://blob.core.windows.net/client-docs/planset-505.pdf?sv=2023-01-03&sig=dummy505
506,REQ-3c25b45e-d0bb-492d-b7ed-37596c40fe12,PLANSET-506.pdf,PLANSET-ID-506,https://blob.core.windows.net/client-docs/planset-506.pdf?sv=2023-01-03&sig=dummy506
507,REQ-363e97ef-defa-472f-9d82-49a0c41eda3c,PLANSET-507.pdf,PLANSET-ID-507,https://blob.core.windows.net/client-docs/planset-507.pdf?sv=2023-01-03&sig=dummy507
508,REQ-4d066a15-0a80-4740-a955-38d8df436e1d,PLANSET-508.pdf,PLANSET-ID-508,https://blob.core.windows.net/client-docs/planset-508.pdf?sv=2023-01-03&sig=dummy508
509,REQ-8d68731a-5ef0-451d-a7d7-b6ea4f596b14,PLANSET-509.pdf,PLANSET-ID-509,https://blob.core.windows.net/client-docs/planset-509.pdf?sv=2023-01-03&sig=dummy509
510,REQ-5f153147-33dc-46bf-ad5b-178cbad5ee72,PLANSET-510.pdf,PLANSET-ID-510,https://blob.core.windows.net/client-docs/planset-510.pdf?sv=2023-01-03&sig=dummy510
511,REQ-8230a18b-2849-422f-9079-a3f8fd2daf51,PLANSET-511.pdf,PLANSET-ID-511,https://blob.core.windows.net/client-docs/planset-511.pdf?sv=2023-01-03&sig=dummy511
512,REQ-15e01c56-7244-405e-9882-815e8e08e5c5,PLANSET-512.pdf,PLANSET-ID-512,https://blob.core.windows.net/client-docs/planset-512.pdf?sv=2023-01-03&sig=dummy512
513,REQ-d861c25d-3d36-43f4-a1f6-25aa946f218d,PLANSET-513.pdf,PLANSET-ID-513,https://blob.core.windows.net/client-docs/planset-513.pdf?sv=2023-01-03&sig=dummy513
514,REQ-a070081c-12c0-4088-9f4e-dc9f198ac3e5,PLANSET-514.pdf,PLANSET-ID-514,https://blob.core.windows.net/client-docs/planset-514.pdf?sv=2023-01-03&sig=dummy514
515,REQ-87603c42-d455-48d4-999a-df265c01abc1,PLANSET-515.pdf,PLANSET-ID-515,https://blob.core.windows.net/client-docs/planset-515.pdf?sv=2023-01-03&sig=dummy515
516,REQ-8d6e90e1-ca03-4c9f-b343-5c0d8c981188,PLANSET-516.pdf,PLANSET-ID-516,https://blob.core.windows.net/client-docs/planset-516.pdf?sv=2023-01-03&sig=dummy516
517,REQ-3159c456-5989-4050-97d5-001a06a94850,PLANSET-517.pdf,PLANSET-ID-517,https://blob.core.windows.net/client-docs/planset-517.pdf?sv=2023-01-03&sig=dummy517
518,REQ-aa545f10-2da4-4b53-899a-9effbd3e138e,PLANSET-518.pdf,PLANSET-ID-518,https://blob.core.windows.net/client-docs/planset-518.pdf?sv=2023-01-03&sig=dummy518
519,REQ-ec68d559-7fd1-48ff-a2c1-a8343b80d135,PLANSET-519.pdf,PLANSET-ID-519,https://blob.core.windows.net/client-docs/planset-519.pdf?sv=2023-01-03&sig=dummy519
520,REQ-b6eedd6c-5b4f-40c8-90c5-6c3551c846cf,PLANSET-520.pdf,PLANSET-ID-520,https://blob.core.windows.net/client-docs/planset-520.pdf?sv=2023-01-03&sig=dummy520
521,REQ-0768e33f-7952-4515-8c82-ddc7db6d6413,PLANSET-521.pdf,PLANSET-ID-521,https://blob.core.windows.net/client-docs/planset-521.pdf?sv=2023-01-03&sig=dummy521
522,REQ-00553eaf-8217-4f4e-a0e3-5a266fe6f90b,PLANSET-522.pdf,PLANSET-ID-522,https://blob.core.windows.net/client-docs/planset-522.pdf?sv=2023-01-03&sig=dummy522
523,REQ-ccf89b35-fd4d-44eb-a55c-d29444011501,PLANSET-523.pdf,PLANSET-ID-523,https://blob.core.windows.net/client-docs/planset-523.pdf?sv=2023-01-03&sig=dummy523
524,REQ-23b97a95-ab57-48a5-a99d-792698de30b9,PLANSET-524.pdf,PLANSET-ID-524,https://blob.core.windows.net/client-docs/planset-524.pdf?sv=2023-01-03&sig=dummy524
525,REQ-c4fab575-4052-4c02-bef6-e97476ef9697,PLANSET-525.pdf,PLANSET-ID-525,https://blob.core.windows.net/client-docs/planset-525.pdf?sv=2023-01-03&sig=dummy525
526,REQ-80c6c59a-e446-41fd-98a4-64d0a7a78a6a,PLANSET-526.pdf,PLANSET-ID-526,https://blob.core.windows.net/client-docs/planset-526.pdf?sv=2023-01-03&sig=dummy526
527,REQ-65ceb158-6a6d-4ae8-a619-9f00d38bc29d,PLANSET-527.pdf,PLANSET-ID-527,https://blob.core.windows.net/client-docs/planset-527.pdf?sv=2023-01-03&sig=dummy527
528,REQ-fe7d76d7-6d99-412c-a0b4-fb11491a3b3b,PLANSET-528.pdf,PLANSET-ID-528,https://blob.core.windows.net/client-docs/planset-528.pdf?sv=2023-01-03&sig=dummy528
529,REQ-cd17bbb5-6c6d-46e9-88ce-d38cec30995a,PLANSET-529.pdf,PLANSET-ID-529,https://blob.core.windows.net/client-docs/planset-529.pdf?sv=2023-01-03&sig=dummy529
530,REQ-d853a33a-65c3-47ea-94c7-cc3a73729b2d,PLANSET-530.pdf,PLANSET-ID-530,https://blob.core.windows.net/client-docs/planset-530.pdf?sv=2023-01-03&sig=dummy530
531,REQ-53ef159e-8c72-4ae4-9882-cc6f1a4b6359,PLANSET-531.pdf,PLANSET-ID-531,https://blob.core.windows.net/client-docs/planset-531.pdf?sv=2023-01-03&sig=dummy531
532,REQ-ff299b9a-59e3-4687-b14d-a1f5c88d150c,PLANSET-532.pdf,PLANSET-ID-532,https://blob.core.windows.net/client-docs/planset-532.pdf?sv=2023-01-03&sig=dummy532
533,REQ-227aaa5d-bd60-493b-bac6-8af33b773252,PLANSET-533.pdf,PLANSET-ID-533,https://blob.core.windows.net/client-docs/planset-533.pdf?sv=2023-01-03&sig=dummy533
534,REQ-beaec8bb-12d9-4f89-b6b5-f7245f8b5441,PLANSET-534.pdf,PLANSET-ID-534,https://blob.core.windows.net/client-docs/planset-534.pdf?sv=2023-01-03&sig=dummy534
535,REQ-bdb6c3cc-8b2f-4a39-9d97-2e7c4e72cf28,PLANSET-535.pdf,PLANSET-ID-535,https://blob.core.windows.net/client-docs/planset-535.pdf?sv=2023-01-03&sig=dummy535
536,REQ-b519a2d3-e7c6-4acf-b6fb-5a7f71d0be17,PLANSET-536.pdf,PLANSET-ID-536,https://blob.core.windows.net/client-docs/planset-536.pdf?sv=2023-01-03&sig=dummy536
537,REQ-8e6514a8-9b07-4df5-a9e2-a10b677993e1,PLANSET-537.pdf,PLANSET-ID-537,https://blob.core.windows.net/client-docs/planset-537.pdf?sv=2023-01-03&sig=dummy537
538,REQ-ef000baf-7fde-4a88-938b-5d03968f438c,PLANSET-538.pdf,PLANSET-ID-538,https://blob.core.windows.net/client-docs/planset-538.pdf?sv=2023-01-03&sig=dummy538
539,REQ-c2ca1ee2-746e-44b9-93ae-a718973514d5,PLANSET-539.pdf,PLANSET-ID-539,https://blob.core.windows.net/client-docs/planset-539.pdf?sv=2023-01-03&sig=dummy539
540,REQ-90fabbd7-78e1-4a61-876b-6dd1eadfdd0a,PLANSET-540.pdf,PLANSET-ID-540,https://blob.core.windows.net/client-docs/planset-540.pdf?sv=2023-01-03&sig=dummy540
541,REQ-1684f207-2916-45f2-8aa2-90a5d100986c,PLANSET-541.pdf,PLANSET-ID-541,https://blob.core.windows.net/client-docs/planset-541.pdf?sv=2023-01-03&sig=dummy541
542,REQ-e8e2cb3b-e3fd-44b6-a6f4-3ae4d459c3a4,PLANSET-542.pdf,PLANSET-ID-542,https://blob.core.windows.net/client-docs/planset-542.pdf?sv=2023-01-03&sig=dummy542
543,REQ-b937d247-474c-4949-bb63-9fff346b9da8,PLANSET-543.pdf,PLANSET-ID-543,https://blob.core.windows.net/client-docs/planset-543.pdf?sv=2023-01-03&sig=dummy543
544,REQ-3893885d-0273-4435-a22e-fe474a0c4947,PLANSET-544.pdf,PLANSET-ID-544,https://blob.core.windows.net/client-docs/planset-544.pdf?sv=2023-01-03&sig=dummy544
545,REQ-2f47c5b3-de7d-4476-a394-e705e6e393a0,PLANSET-545.pdf,PLANSET-ID-545,https://blob.core.windows.net/client-docs/planset-545.pdf?sv=2023-01-03&sig=dummy545
546,REQ-79c86a74-8bf1-48fe-9224-6b18da1526fa,PLANSET-546.pdf,PLANSET-ID-546,https://blob.core.windows.net/client-docs/planset-546.pdf?sv=2023-01-03&sig=dummy546
547,REQ-39f16741-0dbf-4955-92ce-888e1f44ee27,PLANSET-547.pdf,PLANSET-ID-547,https://blob.core.windows.net/client-docs/planset-547.pdf?sv=2023-01-03&sig=dummy547
548,REQ-28fbeb1a-b277-414a-8aa8-e77a766a6d6e,PLANSET-548.pdf,PLANSET-ID-548,https://blob.core.windows.net/client-docs/planset-548.pdf?sv=2023-01-03&sig=dummy548
549,REQ-c695d451-c901-4c92-a2f0-b77aecf1d4ac,PLANSET-549.pdf,PLANSET-ID-549,https://blob.core.windows.net/client-docs/planset-549.pdf?sv=2023-01-03&sig=dummy549
550,REQ-184408b1-d661-4194-b689-b8cdabc06ad8,PLANSET-550.pdf,PLANSET-ID-550,https://blob.core.windows.net/client-docs/planset-550.pdf?sv=2023-01-03&sig=dummy550
551,REQ-0aa11788-15cd-448b-bb7a-67b30a29afd7,PLANSET-551.pdf,PLANSET-ID-551,https://blob.core.windows.net/client-docs/planset-551.pdf?sv=2023-01-03&sig=dummy551
552,REQ-bdd3e291-d987-4ffc-977b-760818f13db3,PLANSET-552.pdf,PLANSET-ID-552,https://blob.core.windows.net/client-docs/planset-552.pdf?sv=2023-01-03&sig=dummy552
553,REQ-bfb25805-6932-49cf-b600-6f36273f8bd0,PLANSET-553.pdf,PLANSET-ID-553,https://blob.core.windows.net/client-docs/planset-553.pdf?sv=2023-01-03&sig=dummy553
554,REQ-a34b07af-bfab-455f-bf23-1429a57ff755,PLANSET-554.pdf,PLANSET-ID-554,https://blob.core.windows.net/client-docs/planset-554.pdf?sv=2023-01-03&sig=dummy554
555,REQ-ebda7875-891f-4cce-bc51-33b48b10ebdd,PLANSET-555.pdf,PLANSET-ID-555,https://blob.core.windows.net/client-docs/planset-555.pdf?sv=2023-01-03&sig=dummy555
556,REQ-f7000ab1-1b76-4f20-913e-958f23d02761,PLANSET-556.pdf,PLANSET-ID-556,https://blob.core.windows.net/client-docs/planset-556.pdf?sv=2023-01-03&sig=dummy556
557,REQ-9db7505a-c2d8-46b1-b563-518acc220c5a,PLANSET-557.pdf,PLANSET-ID-557,https://blob.core.windows.net/client-docs/planset-557.pdf?sv=2023-01-03&sig=dummy557
558,REQ-2a171578-52ec-4bc9-b966-6531fa5df9e8,PLANSET-558.pdf,PLANSET-ID-558,https://blob.core.windows.net/client-docs/planset-558.pdf?sv=2023-01-03&sig=dummy558
559,REQ-e2f48b5b-31c1-4333-8cfb-779bc8cd4f4c,PLANSET-559.pdf,PLANSET-ID-559,https://blob.core.windows.net/client-docs/planset-559.pdf?sv=2023-01-03&sig=dummy559
560,REQ-82021cd0-2199-40ac-98d0-30e26304b8c6,PLANSET-560.pdf,PLANSET-ID-560,https://blob.core.windows.net/client-docs/planset-560.pdf?sv=2023-01-03&sig=dummy560
561,REQ-1dd2c0b9-770b-42b7-9005-094f31d3d5a4,PLANSET-561.pdf,PLANSET-ID-561,https://blob.core.windows.net/client-docs/planset-561.pdf?sv=2023-01-03&sig=dummy561
562,REQ-437c1205-8fca-4a29-87b4-4b28f93e9081,PLANSET-562.pdf,PLANSET-ID-562,https://blob.core.windows.net/client-docs/planset-562.pdf?sv=2023-01-03&sig=dummy562
563,REQ-9ca3c21d-632f-4f87-8c9e-fde67421a0f4,PLANSET-563.pdf,PLANSET-ID-563,https://blob.core.windows.net/client-docs/planset-563.pdf?sv=2023-01-03&sig=dummy563
564,REQ-141210a9-e03e-4e4c-91b3-efd267118f91,PLANSET-564.pdf,PLANSET-ID-564,https://blob.core.windows.net/client-docs/planset-564.pdf?sv=2023-01-03&sig=dummy564
565,REQ-c174c330-74c2-4cc0-9efe-6a0b2487d5da,PLANSET-565.pdf,PLANSET-ID-565,https://blob.core.windows.net/client-docs/planset-565.pdf?sv=2023-01-03&sig=dummy565
566,REQ-40de143c-ac64-4918-b6ea-53f3a7d07adb,PLANSET-566.pdf,PLANSET-ID-566,https://blob.core.windows.net/client-docs/planset-566.pdf?sv=2023-01-03&sig=dummy566
567,REQ-7324aac0-4f7b-4ef2-be27-96b578d5e20f,PLANSET-567.pdf,PLANSET-ID-567,https://blob.core.windows.net/client-docs/planset-567.pdf?sv=2023-01-03&sig=dummy567
568,REQ-c80f5a38-207f-4d9d-bdb2-7776494df8c6,PLANSET-568.pdf,PLANSET-ID-568,https://blob.core.windows.net/client-docs/planset-568.pdf?sv=2023-01-03&sig=dummy568
569,REQ-14fdd0ad-3e8a-4c7d-ae0f-e3bdd068e305,PLANSET-569.pdf,PLANSET-ID-569,https://blob.core.windows.net/client-docs/planset-569.pdf?sv=2023-01-03&sig=dummy569
570,REQ-1df5461b-0d54-4523-beae-4d90d5afdc8e,PLANSET-570.pdf,PLANSET-ID-570,https://blob.core.windows.net/client-docs/planset-570.pdf?sv=2023-01-03&sig=dummy570
571,REQ-1308deab-5c87-4566-b470-89567ebb7d95,PLANSET-571.pdf,PLANSET-ID-571,https://blob.core.windows.net/client-docs/planset-571.pdf?sv=2023-01-03&sig=dummy571
572,REQ-97d1be18-a3fb-429e-b885-6674a67694b8,PLANSET-572.pdf,PLANSET-ID-572,https://blob.core.windows.net/client-docs/planset-572.pdf?sv=2023-01-03&sig=dummy572
573,REQ-a783e411-e651-4a2f-b550-2a19a10a03d0,PLANSET-573.pdf,PLANSET-ID-573,https://blob.core.windows.net/client-docs/planset-573.pdf?sv=2023-01-03&sig=dummy573
574,REQ-e57c1aaf-3194-4fc4-9e6e-983b5daa3ea2,PLANSET-574.pdf,PLANSET-ID-574,https://blob.core.windows.net/client-docs/planset-574.pdf?sv=2023-01-03&sig=dummy574
575,REQ-d6b187a6-3921-489e-a069-2c322f277e37,PLANSET-575.pdf,PLANSET-ID-575,https://blob.core.windows.net/client-docs/planset-575.pdf?sv=2023-01-03&sig=dummy575
576,REQ-fa427cf0-8173-490f-91fe-9b7a0d25e7ed,PLANSET-576.pdf,PLANSET-ID-576,https://blob.core.windows.net/client-docs/planset-576.pdf?sv=2023-01-03&sig=dummy576
577,REQ-db5b5e74-6aa3-4b0f-9dce-8dce8c914e74,PLANSET-577.pdf,PLANSET-ID-577,https://blob.core.windows.net/client-docs/planset-577.pdf?sv=2023-01-03&sig=dummy577
578,REQ-560ead83-556b-4ae3-af2d-ded1c6a1b5a7,PLANSET-578.pdf,PLANSET-ID-578,https://blob.core.windows.net/client-docs/planset-578.pdf?sv=2023-01-03&sig=dummy578
579,REQ-64abd50d-bdb4-4cc6-8b71-c8c060c27a6b,PLANSET-579.pdf,PLANSET-ID-579,https://blob.core.windows.net/client-docs/planset-579.pdf?sv=2023-01-03&sig=dummy579
580,REQ-d10f43d3-75c6-4e30-ae93-6f5e511d02d7,PLANSET-580.pdf,PLANSET-ID-580,https://blob.core.windows.net/client-docs/planset-580.pdf?sv=2023-01-03&sig=dummy580
581,REQ-790055e2-d233-4e5e-9c3c-cb050165a087,PLANSET-581.pdf,PLANSET-ID-581,https://blob.core.windows.net/client-docs/planset-581.pdf?sv=2023-01-03&sig=dummy581
582,REQ-a9f9678f-8855-4b49-aa4f-1c074987cc3d,PLANSET-582.pdf,PLANSET-ID-582,https://blob.core.windows.net/client-docs/planset-582.pdf?sv=2023-01-03&sig=dummy582
583,REQ-5240a5d1-addc-43c6-8b8b-0facca1c2266,PLANSET-583.pdf,PLANSET-ID-583,https://blob.core.windows.net/client-docs/planset-583.pdf?sv=2023-01-03&sig=dummy583
584,REQ-5c90823a-bc60-4e6c-b0ee-6ba685df0cb8,PLANSET-584.pdf,PLANSET-ID-584,https://blob.core.windows.net/client-docs/planset-584.pdf?sv=2023-01-03&sig=dummy584
585,REQ-d00d04a5-c4af-44f4-b826-f12b7fa29f9b,PLANSET-585.pdf,PLANSET-ID-585,https://blob.core.windows.net/client-docs/planset-585.pdf?sv=2023-01-03&sig=dummy585
586,REQ-87ae5bd6-10ad-40a5-9ccd-480b6ebc4e6e,PLANSET-586.pdf,PLANSET-ID-586,https://blob.core.windows.net/client-docs/planset-586.pdf?sv=2023-01-03&sig=dummy586
587,REQ-00488c9f-6986-46b3-86d5-70c938e75fbd,PLANSET-587.pdf,PLANSET-ID-587,https://blob.core.windows.net/client-docs/planset-587.pdf?sv=2023-01-03&sig=dummy587
588,REQ-8b3575fd-b3fc-447b-8c3f-d71432aa0737,PLANSET-588.pdf,PLANSET-ID-588,https://blob.core.windows.net/client-docs/planset-588.pdf?sv=2023-01-03&sig=dummy588
589,REQ-f25aba3a-9cd7-46f0-88f7-2684874dce1a,PLANSET-589.pdf,PLANSET-ID-589,https://blob.core.windows.net/client-docs/planset-589.pdf?sv=2023-01-03&sig=dummy589
590,REQ-40170a59-0317-450f-bc42-7b34765bd696,PLANSET-590.pdf,PLANSET-ID-590,https://blob.core.windows.net/client-docs/planset-590.pdf?sv=2023-01-03&sig=dummy590
591,REQ-70192d22-5a7d-4832-9a72-72fd132adb14,PLANSET-591.pdf,PLANSET-ID-591,https://blob.core.windows.net/client-docs/planset-591.pdf?sv=2023-01-03&sig=dummy591
592,REQ-e174b045-22e7-42b9-94bb-ea823fa1358e,PLANSET-592.pdf,PLANSET-ID-592,https://blob.core.windows.net/client-docs/planset-592.pdf?sv=2023-01-03&sig=dummy592
593,REQ-f4979420-1006-4866-8a3a-dfb4d79c368e,PLANSET-593.pdf,PLANSET-ID-593,https://blob.core.windows.net/client-docs/planset-593.pdf?sv=2023-01-03&sig=dummy593
594,REQ-90ce9ea1-43ba-4545-b2f6-41945bb0766f,PLANSET-594.pdf,PLANSET-ID-594,https://blob.core.windows.net/client-docs/planset-594.pdf?sv=2023-01-03&sig=dummy594
595,REQ-baabb931-5a39-4ee8-90ef-eaae0ed33cad,PLANSET-595.pdf,PLANSET-ID-595,https://blob.core.windows.net/client-docs/planset-595.pdf?sv=2023-01-03&sig=dummy595
596,REQ-4d8f64dc-d644-44d1-8be5-e36af9a9f5c5,PLANSET-596.pdf,PLANSET-ID-596,https://blob.core.windows.net/client-docs/planset-596.pdf?sv=2023-01-03&sig=dummy596
597,REQ-61e4abd2-c727-4e9d-90ea-39dd0c80354f,PLANSET-597.pdf,PLANSET-ID-597,https://blob.core.windows.net/client-docs/planset-597.pdf?sv=2023-01-03&sig=dummy597
598,REQ-cc76fd5c-4d31-4b53-adc9-401bdba7d3cc,PLANSET-598.pdf,PLANSET-ID-598,https://blob.core.windows.net/client-docs/planset-598.pdf?sv=2023-01-03&sig=dummy598
599,REQ-3873981d-28e6-4c71-882e-d233422e73c4,PLANSET-599.pdf,PLANSET-ID-599,https://blob.core.windows.net/client-docs/planset-599.pdf?sv=2023-01-03&sig=dummy599
600,REQ-2f955f91-c39c-416e-a03a-58d3cdc1180f,PLANSET-600.pdf,PLANSET-ID-600,https://blob.core.windows.net/client-docs/planset-600.pdf?sv=2023-01-03&sig=dummy600
