projectId,requestId,url
461,78234619058473926145,https://bldrdevstorage1.blob.core.windows.net/bldr-app/projects/Orchestration_Sample_PDFs/ilovepdf_merged%201_1af97749-9e4a-43c0-a542-d48330c0483b.pdf?sp=r&st=2026-01-27T06:33:21Z&se=2026-02-03T14:48:21Z&spr=https&sv=2024-11-04&sr=b&sig=2bti5drJ4LXmxb0N1mfXvb4hVjlTGi3JqHipxH80NpE%3D
461,91580746239017485602,https://bldrdevstorage1.blob.core.windows.net/bldr-app/projects/Orchestration_Sample_PDFs/319498_5e561f1c-a403-4ee0-80da-6731490f94f3.pdf?sp=r&st=2026-01-27T06:34:30Z&se=2026-02-03T14:49:30Z&spr=https&sv=2024-11-04&sr=b&sig=q8bl8zo6NyJt01kwjijVti%2FzUHezhWvtSDh6ZBzRazM%3D
461,60419385720498637155,https://bldrdevstorage1.blob.core.windows.net/bldr-app/projects/Orchestration_Sample_PDFs/36x36%20Barn%20roth_79908417-7e65-4d3a-bb8e-835ca2e8239d.pdf?sp=r&st=2026-01-27T06:34:55Z&se=2026-02-03T14:49:55Z&spr=https&sv=2024-11-04&sr=b&sig=n4qWvz8i6y1LOFl%2BWfLI6fWs2APzn0SiJYREULxSP4M%3D
461,87356021499843762041,https://bldrdevstorage1.blob.core.windows.net/bldr-app/projects/Orchestration_Sample_PDFs/ilovepdf_merged%2013_f682b6dc-ae1b-4dbb-b13b-bb512abc01e5.pdf?sp=r&st=2026-01-27T06:36:06Z&se=2026-02-03T14:51:06Z&spr=https&sv=2024-11-04&sr=b&sig=Ve3LKShG3z78qVXGjul4zcP78f64ZH4AX0GwDta48Rw%3D
461,12987456033894572066,https://bldrdevstorage1.blob.core.windows.net/bldr-app/projects/Orchestration_Sample_PDFs/60X30H2A_45a5fdb4-f502-46b6-b0a7-4fbea385aeb7.pdf?sp=r&st=2026-01-27T06:36:31Z&se=2026-02-03T14:51:31Z&spr=https&sv=2024-11-04&sr=b&sig=lIHlUl8lQ%2FCsGB6wHadvT8DO%2Bgv%2BtjEptxX0%2FCjb2Ro%3D
461,76045219873460591824,https://bldrdevstorage1.blob.core.windows.net/bldr-app/projects/Orchestration_Sample_PDFs/Duckett%20122922_2d29d508-8cd8-4b11-b342-e8f4ef468f7b_7e49c45d-7474-4522-846d-9b6fb9dd4cb3.pdf?sp=r&st=2026-01-27T06:36:55Z&se=2026-02-03T14:51:55Z&spr=https&sv=2024-11-04&sr=b&sig=cpPJxLsg5%2FEVnw6wK3pbY7iDcMizWO91oF0X0nypNBk%3D
461,54890731625087419362,https://bldrdevstorage1.blob.core.windows.net/bldr-app/projects/Orchestration_Sample_PDFs/Duckett%20122922_2d29d508-8cd8-4b11-b342-e8f4ef468f7b_d3b95629-c5da-45ca-801f-3dc9089689b0.pdf?sp=r&st=2026-01-27T06:40:58Z&se=2026-02-03T14:55:58Z&spr=https&sv=2024-11-04&sr=b&sig=Vv8zGYQkyfiWNzpG6dvTQXP0llMUC7OlJtvqyOkjN%2Bo%3D
461,90123678455912048733,https://bldrdevstorage1.blob.core.windows.net/bldr-app/projects/Orchestration_Sample_PDFs/ilovepdf_merged_91af90bd-cd92-407e-9ee2-d0441270e133.pdf?sp=r&st=2026-01-27T06:44:33Z&se=2026-02-03T14:59:33Z&spr=https&sv=2024-11-04&sr=b&sig=0B8t2EOykhe7b2%2BcfAlM8yU0gg3NGIUy%2FO6jSkBpVgQ%3D
461,33784592061875409611,https://bldrdevstorage1.blob.core.windows.net/bldr-app/projects/Orchestration_Sample_PDFs/RES%20Atherton%20Prelim%20set%2011-21-25_23301369-d986-44c5-84ae-2c92c32e28a6.pdf?sp=r&st=2026-01-27T06:46:20Z&se=2026-02-03T15:01:20Z&spr=https&sv=2024-11-04&sr=b&sig=nA6yYSaWHqAM0djXeGrevvlh%2Bnzcq6SqYj9veF%2FIBps%3D
461,68412097335586940217,https://bldrdevstorage1.blob.core.windows.net/bldr-app/projects/Orchestration_Sample_PDFs/RES%20Atherton%20Prelim%20set%2011-21-25_cf4c56ce-f8b9-459f-9b20-0cd34a950738.pdf?sp=r&st=2026-01-27T07:01:58Z&se=2026-02-03T15:16:58Z&spr=https&sv=2024-11-04&sr=b&sig=tSLyQO4kZeVVrDQenu9k8JEJVW3h64VqPy6Y59cu8pk%3D
461,49276018394562087154,https://bldrdevstorage1.blob.core.windows.net/bldr-app/projects/Orchestration_Sample_PDFs/319464_e0f85f75-6f39-4368-8b6c-ed8cf78270cb.pdf?sp=r&st=2026-01-27T07:02:38Z&se=2026-02-03T15:17:38Z&spr=https&sv=2024-11-04&sr=b&sig=vAe7Cjw%2F%2FVYNiMxDNIjE165EkQZVCGX7pM4eLVX7zl8%3D
461,81509327466018453902,https://bldrdevstorage1.blob.core.windows.net/bldr-app/projects/Orchestration_Sample_PDFs/ASMEP_3f1da0fc-d5e7-4a85-92b8-f57e9b9bf89d.pdf?sp=r&st=2026-01-27T07:28:36Z&se=2026-02-03T15:43:36Z&spr=https&sv=2024-11-04&sr=b&sig=Jr8lfR8roWeOJ6Rl8JKMR6OgP5omwZgeg5CxKGc64JY%3D
461,27068491355874290631,https://bldrdevstorage1.blob.core.windows.net/bldr-app/projects/Orchestration_Sample_PDFs/New%20home_437691a1-47a5-4751-8e69-1b7deb234bd9.pdf?sp=r&st=2026-01-27T07:06:43Z&se=2026-02-03T15:21:43Z&spr=https&sv=2024-11-04&sr=b&sig=LJWd0WExT7tUSxrYGKD51fjU2Meo3MbIAbJpYypVxHE%3D
461,95640128730984567218,https://bldrdevstorage1.blob.core.windows.net/bldr-app/projects/Orchestration_Sample_PDFs/merged_a5a31ff9-2f03-4d1c-8014-db89ec25437e.pdf?sp=r&st=2026-01-27T07:12:05Z&se=2026-02-03T15:27:05Z&spr=https&sv=2024-11-04&sr=b&sig=56X%2Bb9H9VqZ7MIDX%2F5EM6PMYZUJvdshZ8OZcxu80h2g%3D
461,73159204688421037965,https://bldrdevstorage1.blob.core.windows.net/bldr-app/projects/Orchestration_Sample_PDFs/House%20plan_a96cb192-642b-474e-87fa-a62357509950.pdf?sp=r&st=2026-01-27T07:18:56Z&se=2026-02-03T15:33:56Z&spr=https&sv=2024-11-04&sr=b&sig=sEWxTszC29MlaKRczmkblIYPY8kpLrn58pSg8jK%2FfKA%3D
461,40896572133059784612,https://bldrdevstorage1.blob.core.windows.net/bldr-app/projects/Orchestration_Sample_PDFs/ilovepdf_merged%204_f6acf7b3-8dfe-49c1-b433-808a1bd2907d.pdf?sp=r&st=2026-01-27T07:19:23Z&se=2026-02-03T15:34:23Z&spr=https&sv=2024-11-04&sr=b&sig=TkM3RcFL4Fe1teQj9Ajiq5t%2FHGkK5QuCPUbr4lUQoNY%3D
461,86423750991406275830,https://bldrdevstorage1.blob.core.windows.net/bldr-app/projects/Orchestration_Sample_PDFs/Hawkins%20Finalized%20New%20House%20Plans%204-23-2025_e1256443-aa2a-450b-84d8-4c026d974796.pdf?sp=r&st=2026-01-27T07:19:43Z&se=2026-02-03T15:34:43Z&spr=https&sv=2024-11-04&sr=b&sig=PI5PHNzbWtxShEPIrwmIMGjkkoaMQBi3bDakooq1R%2Fc%3D
461,19375046822098653477,https://bldrdevstorage1.blob.core.windows.net/bldr-app/projects/Orchestration_Sample_PDFs/319886_b632b958-5a7b-4fb4-a5b4-343e7bc74cad.pdf?sp=r&st=2026-01-27T07:22:56Z&se=2026-02-03T15:37:56Z&spr=https&sv=2024-11-04&sr=b&sig=%2BH9EBw6T6rfYpOfuDRpWE198El7BDa2xUErRiyqlIxg%3D
461,62091835744653029811,https://bldrdevstorage1.blob.core.windows.net/bldr-app/projects/Orchestration_Sample_PDFs/251124%20Delancey%20Garage%20Plans_5e27d8af-405e-4481-ad80-2bc46221e72c.pdf?sp=r&st=2026-01-27T07:23:18Z&se=2026-02-03T15:38:18Z&spr=https&sv=2024-11-04&sr=b&sig=%2FVR8r7DIXuenX8mfKKbPQhF8g1lkQsFP9fKooKrtztc%3D
461,57980314296541720864,https://bldrdevstorage1.blob.core.windows.net/bldr-app/projects/Orchestration_Sample_PDFs/319661_77370e79-09f3-42ae-abfa-addd0feb7bfa.pdf?sp=r&st=2026-01-27T07:23:41Z&se=2026-02-03T15:38:41Z&spr=https&sv=2024-11-04&sr=b&sig=nO%2BKmsZYxfsSQvpVOWEB3Lyp10O44ylF1JnEGTT07ZQ%3D